HostPuerto22Abierto,
132.247.0.1,
132.247.0.2,
132.247.0.3,
132.247.0.5,
132.247.0.6,
132.247.0.7,
132.247.0.8,
132.247.0.9,
132.247.0.10,
132.247.0.12,
132.247.0.13,
132.247.0.16,
132.247.0.17,
132.247.0.18,
132.247.0.19,
132.247.0.20,
132.247.0.22,
132.247.0.23,
132.247.0.24,
132.247.0.26,
132.247.0.29,
132.247.0.30,
132.247.0.31,
132.247.0.32,
132.247.0.33,
132.247.0.34,
132.247.0.35,
132.247.0.36,
132.247.0.37,
132.247.0.38,
132.247.0.39,
132.247.0.40,
132.247.0.41,
132.247.0.42,
132.247.0.43,
132.247.0.45,
132.247.0.46,
132.247.0.47,
132.247.0.49,
132.247.0.51,
132.247.0.52,
132.247.0.53,
132.247.0.54,
132.247.0.55,
132.247.0.57,
132.247.0.58,
132.247.0.59,
132.247.0.60,
132.247.0.61,
132.247.0.62,
132.247.0.63,
132.247.0.64,
132.247.0.65,
132.247.0.66,
132.247.0.67,
132.247.0.68,
132.247.0.69,
132.247.0.70,
132.247.0.71,
132.247.0.72,
132.247.0.74,
132.247.0.75,
132.247.0.76,
132.247.0.77,
132.247.0.78,
132.247.0.79,
132.247.0.80,
132.247.0.81,
132.247.0.82,
132.247.0.83,
132.247.0.84,
132.247.0.85,
132.247.0.86,
132.247.0.87,
132.247.0.88,
132.247.0.89,
132.247.0.90,
132.247.0.91,
132.247.0.92,
132.247.0.93,
132.247.0.94,
132.247.0.95,
132.247.0.96,
132.247.0.97,
132.247.0.98,
132.247.0.99,
132.247.0.100,
132.247.0.101,
132.247.0.102,
132.247.0.103,
132.247.0.104,
132.247.0.105,
132.247.0.106,
132.247.0.107,
132.247.0.108,
132.247.0.109,
132.247.0.110,
132.247.0.111,
132.247.0.112,
132.247.0.113,
132.247.0.114,
132.247.0.115,
132.247.0.116,
132.247.0.118,
132.247.0.119,
132.247.0.120,
132.247.0.121,
132.247.0.122,
132.247.0.123,
132.247.0.124,
132.247.0.125,
132.247.0.126,
132.247.0.127,
132.247.0.128,
132.247.0.129,
132.247.0.130,
132.247.0.131,
132.247.0.132,
132.247.0.133,
132.247.0.134,
132.247.0.135,
132.247.0.136,
132.247.0.137,
132.247.0.138,
132.247.0.139,
132.247.0.140,
132.247.0.141,
132.247.0.143,
132.247.0.144,
132.247.0.145,
132.247.0.146,
132.247.0.147,
132.247.0.148,
132.247.0.149,
132.247.0.150,
132.247.0.151,
132.247.0.152,
132.247.0.153,
132.247.0.154,
132.247.0.155,
132.247.0.156,
132.247.0.157,
132.247.0.158,
132.247.0.159,
132.247.0.160,
132.247.0.161,
132.247.0.162,
132.247.0.163,
132.247.0.164,
132.247.0.165,
132.247.0.166,
132.247.0.167,
132.247.0.168,
132.247.0.169,
132.247.0.170,
132.247.0.171,
132.247.0.172,
132.247.0.173,
132.247.0.174,
132.247.0.175,
132.247.0.176,
132.247.0.177,
132.247.0.178,
132.247.0.180,
132.247.0.181,
132.247.0.183,
132.247.0.184,
132.247.0.185,
132.247.0.187,
132.247.0.189,
132.247.0.190,
132.247.0.191,
132.247.0.192,
132.247.0.193,
132.247.0.194,
132.247.0.195,
132.247.0.196,
132.247.0.197,
132.247.0.198,
132.247.0.199,
132.247.0.200,
132.247.0.201,
132.247.0.202,
132.247.0.203,
132.247.0.204,
132.247.0.205,
132.247.0.206,
132.247.0.207,
132.247.0.208,
132.247.0.209,
132.247.0.210,
132.247.0.211,
132.247.0.212,
132.247.0.213,
132.247.0.214,
132.247.0.215,
132.247.0.216,
132.247.0.218,
132.247.0.219,
132.247.0.220,
132.247.0.221,
132.247.0.222,
132.247.0.223,
132.247.0.224,
132.247.0.226,
132.247.0.227,
132.247.0.228,
132.247.0.230,
132.247.0.231,
132.247.0.232,
132.247.0.233,
132.247.0.234,
132.247.0.235,
132.247.0.236,
132.247.0.237,
132.247.0.239,
132.247.0.240,
132.247.0.241,
132.247.0.242,
132.247.0.243,
132.247.0.244,
132.247.0.245,
132.247.0.246,
132.247.0.247,
132.247.0.248,
132.247.0.249,
132.247.0.250,
132.247.0.251,
132.247.0.252,
132.247.0.253,
132.247.0.254,
132.247.0.255,
132.247.1.5,
132.247.1.7,
132.247.1.9,
132.247.1.21,
132.247.1.22,
132.247.1.23,
132.247.1.24,
132.247.1.27,
132.247.1.28,
132.247.1.29,
132.247.1.32,
132.247.1.33,
132.247.1.37,
132.247.1.40,
132.247.1.43,
132.247.1.46,
132.247.1.48,
132.247.1.74,
132.247.1.78,
132.247.10.1,
132.247.10.2,
132.247.10.3,
132.247.10.4,
132.247.10.5,
132.247.10.6,
132.247.10.7,
132.247.10.8,
132.247.10.9,
132.247.10.10,
132.247.10.11,
132.247.10.12,
132.247.10.14,
132.247.10.15,
132.247.10.17,
132.247.10.21,
132.247.10.22,
132.247.10.23,
132.247.10.24,
132.247.10.27,
132.247.10.29,
132.247.10.30,
132.247.10.31,
132.247.10.32,
132.247.10.34,
132.247.10.35,
132.247.10.36,
132.247.10.37,
132.247.10.38,
132.247.10.39,
132.247.10.40,
132.247.10.41,
132.247.10.42,
132.247.10.43,
132.247.10.44,
132.247.10.45,
132.247.10.46,
132.247.10.47,
132.247.10.48,
132.247.10.49,
132.247.10.50,
132.247.10.51,
132.247.10.52,
132.247.10.53,
132.247.10.54,
132.247.10.55,
132.247.10.56,
132.247.10.57,
132.247.10.58,
132.247.10.59,
132.247.10.60,
132.247.10.61,
132.247.10.62,
132.247.10.63,
132.247.10.65,
132.247.10.66,
132.247.10.67,
132.247.10.68,
132.247.10.69,
132.247.10.70,
132.247.10.71,
132.247.10.72,
132.247.10.73,
132.247.10.74,
132.247.10.82,
132.247.10.83,
132.247.10.84,
132.247.10.85,
132.247.10.86,
132.247.10.87,
132.247.10.88,
132.247.10.89,
132.247.10.90,
132.247.10.91,
132.247.10.92,
132.247.10.93,
132.247.10.94,
132.247.10.95,
132.247.10.96,
132.247.10.97,
132.247.10.98,
132.247.10.99,
132.247.10.100,
132.247.10.102,
132.247.10.103,
132.247.10.104,
132.247.10.105,
132.247.10.106,
132.247.10.107,
132.247.10.108,
132.247.10.109,
132.247.10.110,
132.247.10.111,
132.247.10.112,
132.247.10.113,
132.247.10.114,
132.247.10.115,
132.247.10.116,
132.247.10.117,
132.247.10.118,
132.247.10.119,
132.247.10.120,
132.247.10.122,
132.247.10.123,
132.247.10.124,
132.247.10.125,
132.247.10.126,
132.247.10.127,
132.247.10.128,
132.247.10.129,
132.247.10.130,
132.247.10.131,
132.247.10.132,
132.247.10.133,
132.247.10.134,
132.247.10.135,
132.247.10.136,
132.247.10.137,
132.247.10.138,
132.247.10.139,
132.247.10.140,
132.247.10.141,
132.247.10.142,
132.247.10.143,
132.247.10.144,
132.247.10.145,
132.247.10.146,
132.247.10.147,
132.247.10.148,
132.247.10.149,
132.247.10.151,
132.247.10.152,
132.247.10.153,
132.247.10.154,
132.247.10.155,
132.247.10.156,
132.247.10.157,
132.247.10.159,
132.247.10.160,
132.247.10.161,
132.247.10.162,
132.247.10.163,
132.247.10.164,
132.247.10.166,
132.247.10.167,
132.247.10.168,
132.247.10.169,
132.247.10.170,
132.247.10.171,
132.247.10.172,
132.247.10.173,
132.247.10.174,
132.247.10.175,
132.247.10.176,
132.247.10.177,
132.247.10.178,
132.247.10.179,
132.247.10.180,
132.247.10.181,
132.247.10.182,
132.247.10.183,
132.247.10.184,
132.247.10.185,
132.247.10.186,
132.247.10.187,
132.247.10.188,
132.247.10.189,
132.247.10.190,
132.247.10.191,
132.247.10.192,
132.247.10.194,
132.247.10.195,
132.247.10.196,
132.247.10.197,
132.247.10.198,
132.247.10.199,
132.247.10.200,
132.247.10.201,
132.247.10.202,
132.247.10.203,
132.247.10.204,
132.247.10.205,
132.247.10.206,
132.247.10.207,
132.247.10.208,
132.247.10.209,
132.247.10.210,
132.247.10.211,
132.247.10.212,
132.247.10.213,
132.247.10.216,
132.247.10.223,
132.247.10.243,
132.247.10.255,
132.247.11.215,
132.247.11.216,
132.247.11.217,
132.247.11.218,
132.247.11.220,
132.247.11.227,
132.247.11.232,
132.247.11.234,
132.247.11.237,
132.247.11.238,
132.247.11.240,
132.247.11.241,
132.247.11.243,
132.247.11.245,
132.247.11.246,
132.247.11.249,
132.247.11.250,
132.247.11.252,
132.247.11.254,
132.247.11.255,
132.247.12.16,
132.247.12.34,
132.247.12.39,
132.247.12.40,
132.247.16.17,
132.247.16.20,
132.247.16.36,
132.247.16.37,
132.247.16.39,
132.247.16.40,
132.247.16.41,
132.247.16.44,
132.247.16.47,
132.247.16.48,
132.247.16.49,
132.247.16.50,
132.247.16.55,
132.247.16.56,
132.247.16.57,
132.247.16.60,
132.247.16.74,
132.247.16.75,
132.247.16.76,
132.247.16.77,
132.247.16.83,
132.247.16.103,
132.247.16.105,
132.247.16.142,
132.247.16.145,
132.247.30.5,
132.247.30.101,
132.247.30.102,
132.247.30.103,
132.247.30.104,
132.247.32.125,
132.247.40.253,
132.247.45.15,
132.247.45.37,
132.247.45.41,
132.247.45.42,
132.247.45.55,
132.247.45.91,
132.247.45.92,
132.247.62.10,
132.247.65.1,
132.247.65.2,
132.247.65.98,
132.247.65.137,
132.247.66.1,
132.247.67.1,
132.247.68.2,
132.247.69.1,
132.247.69.2,
132.247.69.172,
132.247.69.173,
132.247.70.3,
132.247.70.4,
132.247.70.10,
132.247.70.11,
132.247.70.12,
132.247.70.14,
132.247.70.15,
132.247.70.20,
132.247.70.22,
132.247.70.23,
132.247.70.24,
132.247.70.25,
132.247.70.26,
132.247.70.34,
132.247.70.38,
132.247.70.40,
132.247.70.41,
132.247.70.42,
132.247.70.43,
132.247.70.57,
132.247.70.59,
132.247.70.64,
132.247.70.67,
132.247.70.83,
132.247.70.95,
132.247.70.96,
132.247.70.97,
132.247.70.114,
132.247.70.115,
132.247.70.119,
132.247.70.120,
132.247.70.121,
132.247.70.127,
132.247.70.139,
132.247.70.142,
132.247.70.143,
132.247.70.145,
132.247.70.148,
132.247.70.149,
132.247.70.150,
132.247.70.157,
132.247.70.163,
132.247.70.165,
132.247.70.168,
132.247.70.169,
132.247.70.179,
132.247.70.183,
132.247.70.188,
132.247.70.189,
132.247.70.193,
132.247.70.194,
132.247.70.196,
132.247.70.198,
132.247.70.199,
132.247.70.203,
132.247.70.205,
132.247.70.209,
132.247.70.212,
132.247.70.220,
132.247.70.222,
132.247.70.230,
132.247.70.236,
132.247.70.241,
132.247.70.242,
132.247.71.16,
132.247.71.17,
132.247.71.18,
132.247.71.26,
132.247.71.35,
132.247.71.55,
132.247.71.79,
132.247.71.81,
132.247.71.88,
132.247.71.90,
132.247.71.95,
132.247.71.99,
132.247.71.101,
132.247.71.102,
132.247.74.50,
132.247.74.51,
132.247.74.52,
132.247.74.53,
132.247.74.129,
132.247.74.130,
132.247.81.250,
132.247.81.251,
132.247.81.252,
132.247.83.2,
132.247.83.14,
132.247.83.250,
132.247.85.67,
132.247.85.207,
132.247.85.215,
132.247.85.216,
132.247.85.241,
132.247.86.97,
132.247.86.98,
132.247.87.66,
132.247.87.67,
132.247.87.69,
132.247.87.71,
132.247.87.72,
132.247.87.75,
132.247.89.236,
132.247.89.243,
132.247.90.2,
132.247.90.5,
132.247.90.12,
132.247.90.16,
132.247.90.91,
132.247.90.98,
132.247.90.106,
132.247.90.169,
132.247.90.221,
132.247.90.231,
132.247.91.1,
132.247.91.172,
132.247.91.173,
132.247.92.1,
132.247.92.2,
132.247.93.1,
132.247.93.2,
132.247.93.172,
132.247.93.173,
132.247.94.1,
132.247.94.2,
132.247.95.1,
132.247.95.2,
132.247.95.172,
132.247.95.173,
132.247.96.2,
132.247.96.6,
132.247.96.9,
132.247.96.122,
132.247.96.123,
132.247.96.126,
132.247.96.142,
132.247.97.2,
132.247.97.6,
132.247.97.9,
132.247.97.122,
132.247.97.123,
132.247.97.126,
132.247.97.142,
132.247.98.1,
132.247.98.2,
132.247.98.172,
132.247.98.173,
132.247.99.1,
132.247.99.2,
132.247.100.82,
132.247.101.21,
132.247.101.254,
132.247.102.228,
132.247.103.1,
132.247.103.2,
132.247.103.4,
132.247.103.5,
132.247.103.12,
132.247.103.14,
132.247.103.30,
132.247.103.47,
132.247.103.120,
132.247.103.134,
132.247.103.136,
132.247.103.137,
132.247.103.141,
132.247.103.142,
132.247.103.143,
132.247.103.239,
132.247.103.249,
132.247.103.251,
132.247.103.252,
132.247.103.253,
132.247.104.170,
132.247.104.171,
132.247.105.26,
132.247.105.79,
132.247.105.129,
132.247.105.161,
132.247.105.180,
132.247.105.192,
132.247.105.207,
132.247.105.208,
132.247.105.209,
132.247.105.244,
132.247.105.246,
132.247.105.247,
132.247.105.253,
132.247.107.4,
132.247.107.7,
132.247.107.196,
132.247.108.76,
132.247.108.241,
132.247.109.37,
132.247.109.38,
132.247.109.39,
132.247.109.66,
132.247.109.69,
132.247.109.70,
132.247.111.196,
132.247.112.97,
132.247.113.125,
132.247.113.254,
132.247.114.61,
132.247.114.62,
132.247.114.158,
132.247.115.126,
132.247.115.158,
132.247.115.190,
132.247.115.206,
132.247.115.222,
132.247.116.62,
132.247.116.190,
132.247.116.251,
132.247.116.254,
132.247.117.126,
132.247.117.160,
132.247.117.161,
132.247.117.162,
132.247.117.254,
132.247.118.126,
132.247.118.146,
132.247.118.149,
132.247.118.190,
132.247.119.62,
132.247.119.126,
132.247.119.129,
132.247.119.130,
132.247.119.131,
132.247.119.132,
132.247.119.133,
132.247.119.134,
132.247.119.137,
132.247.119.138,
132.247.119.139,
132.247.119.144,
132.247.119.158,
132.247.120.67,
132.247.120.254,
132.247.121.116,
132.247.121.117,
132.247.121.118,
132.247.121.119,
132.247.121.121,
132.247.121.124,
132.247.122.100,
132.247.122.101,
132.247.122.102,
132.247.122.103,
132.247.122.104,
132.247.122.107,
132.247.122.124,
132.247.122.125,
132.247.122.126,
132.247.122.190,
132.247.123.30,
132.247.123.104,
132.247.123.105,
132.247.123.124,
132.247.123.126,
132.247.123.145,
132.247.123.149,
132.247.123.153,
132.247.123.157,
132.247.123.161,
132.247.123.197,
132.247.123.254,
132.247.126.250,
132.247.126.254,
132.247.127.2,
132.247.127.125,
132.247.127.126,
132.247.127.129,
132.247.127.132,
132.247.127.133,
132.247.127.176,
132.247.127.194,
132.247.127.195,
132.247.127.197,
132.247.127.198,
132.247.127.199,
132.247.127.254,
132.247.128.26,
132.247.128.48,
132.247.128.60,
132.247.129.2,
132.247.129.221,
132.247.129.222,
132.247.130.203,
132.247.131.1,
132.247.131.5,
132.247.131.86,
132.247.131.137,
132.247.131.202,
132.247.131.210,
132.247.131.224,
132.247.131.250,
132.247.132.20,
132.247.132.21,
132.247.132.22,
132.247.132.23,
132.247.132.26,
132.247.132.29,
132.247.132.38,
132.247.132.39,
132.247.132.54,
132.247.132.55,
132.247.132.128,
132.247.132.129,
132.247.134.62,
132.247.134.130,
132.247.134.189,
132.247.134.217,
132.247.134.242,
132.247.135.101,
132.247.135.206,
132.247.135.253,
132.247.137.241,
132.247.141.2,
132.247.141.21,
132.247.141.30,
132.247.141.35,
132.247.143.14,
132.247.143.30,
132.247.143.137,
132.247.143.158,
132.247.143.161,
132.247.143.162,
132.247.143.174,
132.247.143.222,
132.247.144.114,
132.247.144.120,
132.247.145.103,
132.247.145.164,
132.247.145.245,
132.247.146.9,
132.247.146.10,
132.247.146.13,
132.247.146.33,
132.247.146.74,
132.247.146.75,
132.247.146.140,
132.247.146.142,
132.247.146.143,
132.247.146.144,
132.247.146.145,
132.247.146.150,
132.247.146.151,
132.247.146.154,
132.247.146.155,
132.247.146.218,
132.247.147.21,
132.247.148.16,
132.247.148.25,
132.247.148.32,
132.247.148.44,
132.247.148.48,
132.247.148.65,
132.247.148.80,
132.247.148.219,
132.247.149.1,
132.247.149.2,
132.247.149.7,
132.247.152.157,
132.247.154.41,
132.247.154.43,
132.247.154.44,
132.247.154.77,
132.247.155.7,
132.247.156.50,
132.247.156.51,
132.247.157.6,
132.247.157.8,
132.247.157.10,
132.247.159.238,
132.247.159.239,
132.247.159.240,
132.247.159.242,
132.247.159.244,
132.247.159.247,
132.247.159.248,
132.247.159.254,
132.247.160.17,
132.247.161.7,
132.247.161.37,
132.247.161.44,
132.247.161.66,
132.247.161.69,
132.247.161.70,
132.247.161.74,
132.247.161.100,
132.247.162.40,
132.247.162.50,
132.247.162.145,
132.247.163.90,
132.247.163.91,
132.247.163.92,
132.247.163.121,
132.247.163.125,
132.247.163.126,
132.247.164.4,
132.247.164.5,
132.247.164.43,
132.247.164.145,
132.247.167.1,
132.247.167.49,
132.247.167.50,
132.247.167.55,
132.247.167.65,
132.247.167.125,
132.247.167.185,
132.247.169.10,
132.247.169.11,
132.247.169.18,
132.247.169.168,
132.247.170.125,
132.247.171.125,
132.247.171.154,
132.247.171.252,
132.247.172.245,
132.247.174.20,
132.247.174.60,
132.247.174.185,
132.247.174.187,
132.247.177.133,
132.247.177.165,
132.247.177.166,
132.247.177.167,
132.247.177.171,
132.247.178.1,
132.247.180.182,
132.247.180.184,
132.247.180.185,
132.247.180.187,
132.247.180.189,
132.247.181.41,
132.247.181.46,
132.247.181.53,
132.247.181.54,
132.247.181.131,
132.247.181.132,
132.247.181.133,
132.247.181.137,
132.247.181.150,
132.247.181.208,
132.247.181.231,
132.247.181.234,
132.247.181.235,
132.247.181.240,
132.247.181.241,
132.247.181.242,
132.247.182.1,
132.247.182.2,
132.247.182.3,
132.247.182.4,
132.247.182.8,
132.247.182.9,
132.247.182.62,
132.247.182.65,
132.247.182.66,
132.247.182.126,
132.247.182.190,
132.247.182.206,
132.247.182.233,
132.247.182.238,
132.247.182.254,
132.247.183.1,
132.247.183.33,
132.247.183.41,
132.247.183.55,
132.247.183.114,
132.247.183.126,
132.247.183.195,
132.247.183.199,
132.247.184.9,
132.247.184.36,
132.247.184.41,
132.247.184.47,
132.247.184.52,
132.247.184.53,
132.247.184.202,
132.247.184.250,
132.247.186.21,
132.247.186.22,
132.247.186.33,
132.247.186.45,
132.247.190.1,
132.247.190.2,
132.247.190.3,
132.247.194.181,
132.247.194.182,
132.247.194.183,
132.247.195.10,
132.247.195.254,
132.247.198.131,
132.247.200.30,
132.247.200.62,
132.247.200.78,
132.247.200.94,
132.247.200.126,
132.247.200.142,
132.247.200.236,
132.247.200.237,
132.247.200.243,
132.247.200.244,
132.247.200.246,
132.247.200.251,
132.247.200.252,
132.247.201.110,
132.247.202.180,
132.247.202.181,
132.247.202.222,
132.247.202.236,
132.247.202.237,
132.247.204.190,
132.247.204.252,
132.247.204.253,
132.247.208.105,
132.247.210.126,
132.247.210.174,
132.247.210.190,
132.247.213.1,
132.247.213.129,
132.247.213.133,
132.247.215.225,
132.247.216.1,
132.247.216.3,
132.247.216.5,
132.247.218.40,
132.247.218.101,
132.247.218.102,
132.247.218.106,
132.247.218.107,
132.247.225.126,
132.247.225.254,
132.247.234.21,
132.247.234.25,
132.247.234.26,
132.247.234.29,
132.247.235.18,
132.247.238.165,
132.247.241.238,
132.247.241.252,
132.247.241.253,
132.247.242.252,
132.247.242.253,
132.247.244.173,
132.247.244.177,
132.247.246.77,
132.247.248.62,
132.247.248.174,
132.247.248.206,
132.247.249.241,
132.247.249.242,
132.247.249.243,
132.247.249.249,
132.247.249.253,
132.247.250.30,
132.247.250.244,
132.247.250.245,
132.247.250.252,
132.247.250.253,
132.247.252.54,
132.247.252.137,
132.247.252.229,
132.247.253.1,
132.247.253.24,
132.247.253.80,
132.247.254.12,
132.247.254.28,
132.247.254.83,
132.247.254.132,
132.247.255.20,
132.247.255.250