HostPrendido,
132.247.0.1,
132.247.0.2,
132.247.0.3,
132.247.0.4,
132.247.0.5,
132.247.0.6,
132.247.0.7,
132.247.0.8,
132.247.0.9,
132.247.0.10,
132.247.0.11,
132.247.0.12,
132.247.0.13,
132.247.0.14,
132.247.0.15,
132.247.0.16,
132.247.0.17,
132.247.0.18,
132.247.0.19,
132.247.0.20,
132.247.0.21,
132.247.0.22,
132.247.0.23,
132.247.0.24,
132.247.0.25,
132.247.0.26,
132.247.0.27,
132.247.0.28,
132.247.0.29,
132.247.0.30,
132.247.0.31,
132.247.0.32,
132.247.0.33,
132.247.0.34,
132.247.0.35,
132.247.0.36,
132.247.0.37,
132.247.0.38,
132.247.0.39,
132.247.0.40,
132.247.0.41,
132.247.0.42,
132.247.0.43,
132.247.0.44,
132.247.0.45,
132.247.0.46,
132.247.0.47,
132.247.0.48,
132.247.0.49,
132.247.0.50,
132.247.0.51,
132.247.0.52,
132.247.0.53,
132.247.0.54,
132.247.0.55,
132.247.0.56,
132.247.0.57,
132.247.0.58,
132.247.0.59,
132.247.0.60,
132.247.0.61,
132.247.0.62,
132.247.0.63,
132.247.0.64,
132.247.0.65,
132.247.0.66,
132.247.0.67,
132.247.0.68,
132.247.0.69,
132.247.0.70,
132.247.0.71,
132.247.0.72,
132.247.0.73,
132.247.0.74,
132.247.0.75,
132.247.0.76,
132.247.0.77,
132.247.0.78,
132.247.0.79,
132.247.0.80,
132.247.0.81,
132.247.0.82,
132.247.0.83,
132.247.0.84,
132.247.0.85,
132.247.0.86,
132.247.0.87,
132.247.0.88,
132.247.0.89,
132.247.0.90,
132.247.0.91,
132.247.0.92,
132.247.0.93,
132.247.0.94,
132.247.0.95,
132.247.0.96,
132.247.0.97,
132.247.0.98,
132.247.0.99,
132.247.0.100,
132.247.0.101,
132.247.0.102,
132.247.0.103,
132.247.0.104,
132.247.0.105,
132.247.0.106,
132.247.0.107,
132.247.0.108,
132.247.0.109,
132.247.0.110,
132.247.0.111,
132.247.0.112,
132.247.0.113,
132.247.0.114,
132.247.0.115,
132.247.0.116,
132.247.0.117,
132.247.0.118,
132.247.0.119,
132.247.0.120,
132.247.0.121,
132.247.0.122,
132.247.0.123,
132.247.0.124,
132.247.0.125,
132.247.0.126,
132.247.0.127,
132.247.0.128,
132.247.0.129,
132.247.0.130,
132.247.0.131,
132.247.0.132,
132.247.0.133,
132.247.0.134,
132.247.0.135,
132.247.0.136,
132.247.0.137,
132.247.0.138,
132.247.0.139,
132.247.0.140,
132.247.0.141,
132.247.0.142,
132.247.0.143,
132.247.0.144,
132.247.0.145,
132.247.0.146,
132.247.0.147,
132.247.0.148,
132.247.0.149,
132.247.0.150,
132.247.0.151,
132.247.0.152,
132.247.0.153,
132.247.0.154,
132.247.0.155,
132.247.0.156,
132.247.0.157,
132.247.0.158,
132.247.0.159,
132.247.0.160,
132.247.0.161,
132.247.0.162,
132.247.0.163,
132.247.0.164,
132.247.0.165,
132.247.0.166,
132.247.0.167,
132.247.0.168,
132.247.0.169,
132.247.0.170,
132.247.0.171,
132.247.0.172,
132.247.0.173,
132.247.0.174,
132.247.0.175,
132.247.0.176,
132.247.0.177,
132.247.0.178,
132.247.0.179,
132.247.0.180,
132.247.0.181,
132.247.0.182,
132.247.0.183,
132.247.0.184,
132.247.0.185,
132.247.0.186,
132.247.0.187,
132.247.0.188,
132.247.0.189,
132.247.0.190,
132.247.0.191,
132.247.0.192,
132.247.0.193,
132.247.0.194,
132.247.0.195,
132.247.0.196,
132.247.0.197,
132.247.0.198,
132.247.0.199,
132.247.0.200,
132.247.0.201,
132.247.0.202,
132.247.0.203,
132.247.0.204,
132.247.0.205,
132.247.0.206,
132.247.0.207,
132.247.0.208,
132.247.0.209,
132.247.0.210,
132.247.0.211,
132.247.0.212,
132.247.0.213,
132.247.0.214,
132.247.0.215,
132.247.0.216,
132.247.0.217,
132.247.0.218,
132.247.0.219,
132.247.0.220,
132.247.0.221,
132.247.0.222,
132.247.0.223,
132.247.0.224,
132.247.0.225,
132.247.0.226,
132.247.0.227,
132.247.0.228,
132.247.0.229,
132.247.0.230,
132.247.0.231,
132.247.0.232,
132.247.0.233,
132.247.0.234,
132.247.0.235,
132.247.0.236,
132.247.0.237,
132.247.0.238,
132.247.0.239,
132.247.0.240,
132.247.0.241,
132.247.0.242,
132.247.0.243,
132.247.0.244,
132.247.0.245,
132.247.0.246,
132.247.0.247,
132.247.0.248,
132.247.0.249,
132.247.0.250,
132.247.0.251,
132.247.0.252,
132.247.0.253,
132.247.0.254,
132.247.0.255,
132.247.1.5,
132.247.1.6,
132.247.1.7,
132.247.1.8,
132.247.1.9,
132.247.1.10,
132.247.1.16,
132.247.1.19,
132.247.1.21,
132.247.1.22,
132.247.1.23,
132.247.1.24,
132.247.1.27,
132.247.1.28,
132.247.1.29,
132.247.1.32,
132.247.1.33,
132.247.1.37,
132.247.1.39,
132.247.1.40,
132.247.1.43,
132.247.1.46,
132.247.1.48,
132.247.1.53,
132.247.1.61,
132.247.1.62,
132.247.1.63,
132.247.1.64,
132.247.1.66,
132.247.1.67,
132.247.1.68,
132.247.1.69,
132.247.1.71,
132.247.1.72,
132.247.1.73,
132.247.1.74,
132.247.1.75,
132.247.1.77,
132.247.1.78,
132.247.1.252,
132.247.1.253,
132.247.1.254,
132.247.8.6,
132.247.8.20,
132.247.10.1,
132.247.10.2,
132.247.10.3,
132.247.10.4,
132.247.10.5,
132.247.10.6,
132.247.10.7,
132.247.10.8,
132.247.10.9,
132.247.10.10,
132.247.10.11,
132.247.10.12,
132.247.10.13,
132.247.10.14,
132.247.10.15,
132.247.10.16,
132.247.10.17,
132.247.10.18,
132.247.10.19,
132.247.10.20,
132.247.10.21,
132.247.10.22,
132.247.10.23,
132.247.10.24,
132.247.10.25,
132.247.10.26,
132.247.10.27,
132.247.10.28,
132.247.10.29,
132.247.10.30,
132.247.10.31,
132.247.10.32,
132.247.10.33,
132.247.10.34,
132.247.10.35,
132.247.10.36,
132.247.10.37,
132.247.10.38,
132.247.10.39,
132.247.10.40,
132.247.10.41,
132.247.10.42,
132.247.10.43,
132.247.10.44,
132.247.10.45,
132.247.10.46,
132.247.10.47,
132.247.10.48,
132.247.10.49,
132.247.10.50,
132.247.10.51,
132.247.10.52,
132.247.10.53,
132.247.10.54,
132.247.10.55,
132.247.10.56,
132.247.10.57,
132.247.10.58,
132.247.10.59,
132.247.10.60,
132.247.10.61,
132.247.10.62,
132.247.10.63,
132.247.10.64,
132.247.10.65,
132.247.10.66,
132.247.10.67,
132.247.10.68,
132.247.10.69,
132.247.10.70,
132.247.10.71,
132.247.10.72,
132.247.10.73,
132.247.10.74,
132.247.10.75,
132.247.10.76,
132.247.10.77,
132.247.10.78,
132.247.10.79,
132.247.10.80,
132.247.10.81,
132.247.10.82,
132.247.10.83,
132.247.10.84,
132.247.10.85,
132.247.10.86,
132.247.10.87,
132.247.10.88,
132.247.10.89,
132.247.10.90,
132.247.10.91,
132.247.10.92,
132.247.10.93,
132.247.10.94,
132.247.10.95,
132.247.10.96,
132.247.10.97,
132.247.10.98,
132.247.10.99,
132.247.10.100,
132.247.10.101,
132.247.10.102,
132.247.10.103,
132.247.10.104,
132.247.10.105,
132.247.10.106,
132.247.10.107,
132.247.10.108,
132.247.10.109,
132.247.10.110,
132.247.10.111,
132.247.10.112,
132.247.10.113,
132.247.10.114,
132.247.10.115,
132.247.10.116,
132.247.10.117,
132.247.10.118,
132.247.10.119,
132.247.10.120,
132.247.10.121,
132.247.10.122,
132.247.10.123,
132.247.10.124,
132.247.10.125,
132.247.10.126,
132.247.10.127,
132.247.10.128,
132.247.10.129,
132.247.10.130,
132.247.10.131,
132.247.10.132,
132.247.10.133,
132.247.10.134,
132.247.10.135,
132.247.10.136,
132.247.10.137,
132.247.10.138,
132.247.10.139,
132.247.10.140,
132.247.10.141,
132.247.10.142,
132.247.10.143,
132.247.10.144,
132.247.10.145,
132.247.10.146,
132.247.10.147,
132.247.10.148,
132.247.10.149,
132.247.10.150,
132.247.10.151,
132.247.10.152,
132.247.10.153,
132.247.10.154,
132.247.10.155,
132.247.10.156,
132.247.10.157,
132.247.10.158,
132.247.10.159,
132.247.10.160,
132.247.10.161,
132.247.10.162,
132.247.10.163,
132.247.10.164,
132.247.10.165,
132.247.10.166,
132.247.10.167,
132.247.10.168,
132.247.10.169,
132.247.10.170,
132.247.10.171,
132.247.10.172,
132.247.10.173,
132.247.10.174,
132.247.10.175,
132.247.10.176,
132.247.10.177,
132.247.10.178,
132.247.10.179,
132.247.10.180,
132.247.10.181,
132.247.10.182,
132.247.10.183,
132.247.10.184,
132.247.10.185,
132.247.10.186,
132.247.10.187,
132.247.10.188,
132.247.10.189,
132.247.10.190,
132.247.10.191,
132.247.10.192,
132.247.10.193,
132.247.10.194,
132.247.10.195,
132.247.10.196,
132.247.10.197,
132.247.10.198,
132.247.10.199,
132.247.10.200,
132.247.10.201,
132.247.10.202,
132.247.10.203,
132.247.10.204,
132.247.10.205,
132.247.10.206,
132.247.10.207,
132.247.10.208,
132.247.10.209,
132.247.10.210,
132.247.10.211,
132.247.10.212,
132.247.10.213,
132.247.10.214,
132.247.10.215,
132.247.10.216,
132.247.10.217,
132.247.10.218,
132.247.10.219,
132.247.10.220,
132.247.10.221,
132.247.10.222,
132.247.10.223,
132.247.10.224,
132.247.10.225,
132.247.10.226,
132.247.10.227,
132.247.10.228,
132.247.10.229,
132.247.10.230,
132.247.10.231,
132.247.10.232,
132.247.10.233,
132.247.10.234,
132.247.10.235,
132.247.10.236,
132.247.10.237,
132.247.10.238,
132.247.10.239,
132.247.10.240,
132.247.10.241,
132.247.10.242,
132.247.10.243,
132.247.10.244,
132.247.10.245,
132.247.10.246,
132.247.10.247,
132.247.10.248,
132.247.10.249,
132.247.10.250,
132.247.10.251,
132.247.10.252,
132.247.10.253,
132.247.10.254,
132.247.10.255,
132.247.11.1,
132.247.11.2,
132.247.11.3,
132.247.11.4,
132.247.11.5,
132.247.11.6,
132.247.11.7,
132.247.11.8,
132.247.11.9,
132.247.11.10,
132.247.11.11,
132.247.11.12,
132.247.11.13,
132.247.11.14,
132.247.11.15,
132.247.11.16,
132.247.11.17,
132.247.11.18,
132.247.11.19,
132.247.11.20,
132.247.11.21,
132.247.11.22,
132.247.11.23,
132.247.11.24,
132.247.11.25,
132.247.11.26,
132.247.11.27,
132.247.11.28,
132.247.11.29,
132.247.11.30,
132.247.11.31,
132.247.11.32,
132.247.11.33,
132.247.11.34,
132.247.11.35,
132.247.11.36,
132.247.11.37,
132.247.11.38,
132.247.11.39,
132.247.11.40,
132.247.11.41,
132.247.11.42,
132.247.11.43,
132.247.11.44,
132.247.11.45,
132.247.11.46,
132.247.11.47,
132.247.11.48,
132.247.11.49,
132.247.11.50,
132.247.11.51,
132.247.11.52,
132.247.11.53,
132.247.11.54,
132.247.11.55,
132.247.11.56,
132.247.11.57,
132.247.11.58,
132.247.11.59,
132.247.11.60,
132.247.11.61,
132.247.11.62,
132.247.11.63,
132.247.11.64,
132.247.11.65,
132.247.11.66,
132.247.11.67,
132.247.11.68,
132.247.11.69,
132.247.11.70,
132.247.11.71,
132.247.11.72,
132.247.11.73,
132.247.11.74,
132.247.11.75,
132.247.11.76,
132.247.11.77,
132.247.11.78,
132.247.11.79,
132.247.11.80,
132.247.11.81,
132.247.11.82,
132.247.11.83,
132.247.11.84,
132.247.11.85,
132.247.11.86,
132.247.11.87,
132.247.11.88,
132.247.11.89,
132.247.11.90,
132.247.11.91,
132.247.11.92,
132.247.11.93,
132.247.11.94,
132.247.11.95,
132.247.11.96,
132.247.11.97,
132.247.11.98,
132.247.11.99,
132.247.11.100,
132.247.11.101,
132.247.11.102,
132.247.11.103,
132.247.11.104,
132.247.11.105,
132.247.11.106,
132.247.11.107,
132.247.11.108,
132.247.11.109,
132.247.11.110,
132.247.11.111,
132.247.11.112,
132.247.11.113,
132.247.11.114,
132.247.11.115,
132.247.11.116,
132.247.11.117,
132.247.11.118,
132.247.11.119,
132.247.11.120,
132.247.11.121,
132.247.11.122,
132.247.11.123,
132.247.11.124,
132.247.11.125,
132.247.11.126,
132.247.11.127,
132.247.11.128,
132.247.11.129,
132.247.11.130,
132.247.11.131,
132.247.11.132,
132.247.11.133,
132.247.11.134,
132.247.11.135,
132.247.11.136,
132.247.11.137,
132.247.11.138,
132.247.11.139,
132.247.11.140,
132.247.11.141,
132.247.11.142,
132.247.11.143,
132.247.11.144,
132.247.11.145,
132.247.11.146,
132.247.11.147,
132.247.11.148,
132.247.11.149,
132.247.11.150,
132.247.11.151,
132.247.11.152,
132.247.11.153,
132.247.11.154,
132.247.11.155,
132.247.11.156,
132.247.11.157,
132.247.11.158,
132.247.11.159,
132.247.11.160,
132.247.11.161,
132.247.11.162,
132.247.11.163,
132.247.11.164,
132.247.11.165,
132.247.11.166,
132.247.11.167,
132.247.11.168,
132.247.11.169,
132.247.11.170,
132.247.11.171,
132.247.11.172,
132.247.11.173,
132.247.11.174,
132.247.11.175,
132.247.11.176,
132.247.11.177,
132.247.11.178,
132.247.11.179,
132.247.11.180,
132.247.11.181,
132.247.11.182,
132.247.11.183,
132.247.11.184,
132.247.11.185,
132.247.11.186,
132.247.11.187,
132.247.11.188,
132.247.11.189,
132.247.11.190,
132.247.11.191,
132.247.11.192,
132.247.11.193,
132.247.11.194,
132.247.11.195,
132.247.11.196,
132.247.11.197,
132.247.11.198,
132.247.11.199,
132.247.11.200,
132.247.11.201,
132.247.11.202,
132.247.11.203,
132.247.11.204,
132.247.11.205,
132.247.11.206,
132.247.11.207,
132.247.11.208,
132.247.11.209,
132.247.11.210,
132.247.11.211,
132.247.11.212,
132.247.11.213,
132.247.11.214,
132.247.11.215,
132.247.11.216,
132.247.11.217,
132.247.11.218,
132.247.11.219,
132.247.11.220,
132.247.11.221,
132.247.11.222,
132.247.11.223,
132.247.11.224,
132.247.11.225,
132.247.11.226,
132.247.11.227,
132.247.11.228,
132.247.11.229,
132.247.11.230,
132.247.11.231,
132.247.11.232,
132.247.11.233,
132.247.11.234,
132.247.11.235,
132.247.11.236,
132.247.11.237,
132.247.11.238,
132.247.11.239,
132.247.11.240,
132.247.11.241,
132.247.11.242,
132.247.11.243,
132.247.11.244,
132.247.11.245,
132.247.11.246,
132.247.11.247,
132.247.11.248,
132.247.11.249,
132.247.11.250,
132.247.11.251,
132.247.11.252,
132.247.11.253,
132.247.11.254,
132.247.11.255,
132.247.12.16,
132.247.12.23,
132.247.12.34,
132.247.12.39,
132.247.12.40,
132.247.12.43,
132.247.12.252,
132.247.12.253,
132.247.16.2,
132.247.16.5,
132.247.16.6,
132.247.16.7,
132.247.16.9,
132.247.16.10,
132.247.16.15,
132.247.16.17,
132.247.16.20,
132.247.16.26,
132.247.16.27,
132.247.16.28,
132.247.16.36,
132.247.16.37,
132.247.16.38,
132.247.16.39,
132.247.16.40,
132.247.16.41,
132.247.16.42,
132.247.16.43,
132.247.16.44,
132.247.16.47,
132.247.16.48,
132.247.16.49,
132.247.16.50,
132.247.16.55,
132.247.16.56,
132.247.16.57,
132.247.16.60,
132.247.16.61,
132.247.16.74,
132.247.16.75,
132.247.16.76,
132.247.16.77,
132.247.16.83,
132.247.16.100,
132.247.16.103,
132.247.16.105,
132.247.16.142,
132.247.16.145,
132.247.16.170,
132.247.16.214,
132.247.16.243,
132.247.16.244,
132.247.16.245,
132.247.16.250,
132.247.16.251,
132.247.16.253,
132.247.16.254,
132.247.17.2,
132.247.17.254,
132.247.24.4,
132.247.24.10,
132.247.24.14,
132.247.24.252,
132.247.24.253,
132.247.24.254,
132.247.25.6,
132.247.29.254,
132.247.30.1,
132.247.30.4,
132.247.30.5,
132.247.30.11,
132.247.30.12,
132.247.30.13,
132.247.30.14,
132.247.30.15,
132.247.30.16,
132.247.30.17,
132.247.30.18,
132.247.30.21,
132.247.30.40,
132.247.30.51,
132.247.30.101,
132.247.30.102,
132.247.30.103,
132.247.30.104,
132.247.30.254,
132.247.31.254,
132.247.32.125,
132.247.32.126,
132.247.32.127,
132.247.32.156,
132.247.32.157,
132.247.32.159,
132.247.33.254,
132.247.33.255,
132.247.39.254,
132.247.39.255,
132.247.40.20,
132.247.40.253,
132.247.40.254,
132.247.42.249,
132.247.42.250,
132.247.44.13,
132.247.44.14,
132.247.44.126,
132.247.45.10,
132.247.45.15,
132.247.45.18,
132.247.45.19,
132.247.45.20,
132.247.45.21,
132.247.45.23,
132.247.45.24,
132.247.45.25,
132.247.45.37,
132.247.45.41,
132.247.45.42,
132.247.45.55,
132.247.45.73,
132.247.45.75,
132.247.45.81,
132.247.45.82,
132.247.45.83,
132.247.45.86,
132.247.45.87,
132.247.45.88,
132.247.45.89,
132.247.45.90,
132.247.45.91,
132.247.45.92,
132.247.45.94,
132.247.45.95,
132.247.45.254,
132.247.46.254,
132.247.49.250,
132.247.49.254,
132.247.50.14,
132.247.50.15,
132.247.51.126,
132.247.52.126,
132.247.53.79,
132.247.53.126,
132.247.54.126,
132.247.55.126,
132.247.57.126,
132.247.58.124,
132.247.58.125,
132.247.58.126,
132.247.59.126,
132.247.60.10,
132.247.60.32,
132.247.60.126,
132.247.61.254,
132.247.62.4,
132.247.62.5,
132.247.62.10,
132.247.62.126,
132.247.63.10,
132.247.63.126,
132.247.64.126,
132.247.65.1,
132.247.65.2,
132.247.65.62,
132.247.65.97,
132.247.65.98,
132.247.65.113,
132.247.65.114,
132.247.65.129,
132.247.65.130,
132.247.65.131,
132.247.65.132,
132.247.65.133,
132.247.65.134,
132.247.65.135,
132.247.65.136,
132.247.65.137,
132.247.65.138,
132.247.65.139,
132.247.65.141,
132.247.65.142,
132.247.65.174,
132.247.66.1,
132.247.66.62,
132.247.66.97,
132.247.66.113,
132.247.66.114,
132.247.66.129,
132.247.66.130,
132.247.66.131,
132.247.66.132,
132.247.66.133,
132.247.66.134,
132.247.66.135,
132.247.66.136,
132.247.66.137,
132.247.66.138,
132.247.66.139,
132.247.66.141,
132.247.66.142,
132.247.66.174,
132.247.67.1,
132.247.67.62,
132.247.67.113,
132.247.67.114,
132.247.67.129,
132.247.67.130,
132.247.67.131,
132.247.67.132,
132.247.67.133,
132.247.67.134,
132.247.67.135,
132.247.67.136,
132.247.67.137,
132.247.67.138,
132.247.67.139,
132.247.67.140,
132.247.67.141,
132.247.67.142,
132.247.67.174,
132.247.68.2,
132.247.68.62,
132.247.68.97,
132.247.68.101,
132.247.68.113,
132.247.68.114,
132.247.68.126,
132.247.68.129,
132.247.68.130,
132.247.68.131,
132.247.68.132,
132.247.68.133,
132.247.68.134,
132.247.68.135,
132.247.68.136,
132.247.68.137,
132.247.68.141,
132.247.68.142,
132.247.69.1,
132.247.69.2,
132.247.69.62,
132.247.69.101,
132.247.69.113,
132.247.69.114,
132.247.69.129,
132.247.69.130,
132.247.69.131,
132.247.69.132,
132.247.69.133,
132.247.69.134,
132.247.69.135,
132.247.69.136,
132.247.69.137,
132.247.69.138,
132.247.69.139,
132.247.69.140,
132.247.69.141,
132.247.69.142,
132.247.69.172,
132.247.69.173,
132.247.69.174,
132.247.70.1,
132.247.70.2,
132.247.70.3,
132.247.70.4,
132.247.70.5,
132.247.70.6,
132.247.70.7,
132.247.70.8,
132.247.70.10,
132.247.70.11,
132.247.70.12,
132.247.70.13,
132.247.70.14,
132.247.70.15,
132.247.70.16,
132.247.70.18,
132.247.70.19,
132.247.70.20,
132.247.70.21,
132.247.70.22,
132.247.70.23,
132.247.70.24,
132.247.70.25,
132.247.70.26,
132.247.70.28,
132.247.70.29,
132.247.70.33,
132.247.70.34,
132.247.70.35,
132.247.70.36,
132.247.70.37,
132.247.70.38,
132.247.70.39,
132.247.70.40,
132.247.70.41,
132.247.70.42,
132.247.70.43,
132.247.70.44,
132.247.70.45,
132.247.70.46,
132.247.70.47,
132.247.70.48,
132.247.70.49,
132.247.70.51,
132.247.70.52,
132.247.70.54,
132.247.70.55,
132.247.70.57,
132.247.70.59,
132.247.70.60,
132.247.70.61,
132.247.70.62,
132.247.70.63,
132.247.70.64,
132.247.70.65,
132.247.70.66,
132.247.70.67,
132.247.70.68,
132.247.70.69,
132.247.70.70,
132.247.70.71,
132.247.70.72,
132.247.70.73,
132.247.70.74,
132.247.70.75,
132.247.70.77,
132.247.70.78,
132.247.70.79,
132.247.70.80,
132.247.70.81,
132.247.70.82,
132.247.70.83,
132.247.70.84,
132.247.70.85,
132.247.70.86,
132.247.70.87,
132.247.70.88,
132.247.70.89,
132.247.70.95,
132.247.70.96,
132.247.70.97,
132.247.70.98,
132.247.70.99,
132.247.70.101,
132.247.70.107,
132.247.70.108,
132.247.70.110,
132.247.70.111,
132.247.70.113,
132.247.70.114,
132.247.70.115,
132.247.70.117,
132.247.70.119,
132.247.70.120,
132.247.70.121,
132.247.70.122,
132.247.70.124,
132.247.70.125,
132.247.70.126,
132.247.70.127,
132.247.70.128,
132.247.70.129,
132.247.70.130,
132.247.70.132,
132.247.70.133,
132.247.70.134,
132.247.70.135,
132.247.70.136,
132.247.70.137,
132.247.70.138,
132.247.70.139,
132.247.70.140,
132.247.70.141,
132.247.70.142,
132.247.70.143,
132.247.70.145,
132.247.70.146,
132.247.70.148,
132.247.70.149,
132.247.70.150,
132.247.70.157,
132.247.70.158,
132.247.70.159,
132.247.70.160,
132.247.70.162,
132.247.70.163,
132.247.70.164,
132.247.70.165,
132.247.70.166,
132.247.70.167,
132.247.70.168,
132.247.70.169,
132.247.70.175,
132.247.70.176,
132.247.70.177,
132.247.70.178,
132.247.70.179,
132.247.70.182,
132.247.70.183,
132.247.70.184,
132.247.70.185,
132.247.70.186,
132.247.70.187,
132.247.70.188,
132.247.70.189,
132.247.70.190,
132.247.70.192,
132.247.70.193,
132.247.70.194,
132.247.70.195,
132.247.70.196,
132.247.70.197,
132.247.70.198,
132.247.70.199,
132.247.70.200,
132.247.70.201,
132.247.70.203,
132.247.70.204,
132.247.70.205,
132.247.70.206,
132.247.70.207,
132.247.70.208,
132.247.70.209,
132.247.70.210,
132.247.70.211,
132.247.70.212,
132.247.70.213,
132.247.70.214,
132.247.70.216,
132.247.70.217,
132.247.70.218,
132.247.70.220,
132.247.70.222,
132.247.70.223,
132.247.70.224,
132.247.70.226,
132.247.70.227,
132.247.70.228,
132.247.70.230,
132.247.70.231,
132.247.70.232,
132.247.70.233,
132.247.70.235,
132.247.70.236,
132.247.70.237,
132.247.70.238,
132.247.70.239,
132.247.70.241,
132.247.70.242,
132.247.70.243,
132.247.70.248,
132.247.70.252,
132.247.70.253,
132.247.70.254,
132.247.71.16,
132.247.71.17,
132.247.71.18,
132.247.71.21,
132.247.71.23,
132.247.71.26,
132.247.71.28,
132.247.71.35,
132.247.71.51,
132.247.71.55,
132.247.71.59,
132.247.71.60,
132.247.71.71,
132.247.71.72,
132.247.71.79,
132.247.71.81,
132.247.71.85,
132.247.71.87,
132.247.71.88,
132.247.71.90,
132.247.71.91,
132.247.71.92,
132.247.71.93,
132.247.71.95,
132.247.71.96,
132.247.71.99,
132.247.71.101,
132.247.71.102,
132.247.71.251,
132.247.71.254,
132.247.72.1,
132.247.72.12,
132.247.72.27,
132.247.72.113,
132.247.72.172,
132.247.72.195,
132.247.72.211,
132.247.72.252,
132.247.72.253,
132.247.73.14,
132.247.73.38,
132.247.73.44,
132.247.73.50,
132.247.73.52,
132.247.73.101,
132.247.73.110,
132.247.73.124,
132.247.73.125,
132.247.73.254,
132.247.74.9,
132.247.74.36,
132.247.74.44,
132.247.74.50,
132.247.74.51,
132.247.74.52,
132.247.74.53,
132.247.74.56,
132.247.74.58,
132.247.74.62,
132.247.74.63,
132.247.74.129,
132.247.74.130,
132.247.74.141,
132.247.74.148,
132.247.74.158,
132.247.74.159,
132.247.74.177,
132.247.74.178,
132.247.74.180,
132.247.74.181,
132.247.74.182,
132.247.74.183,
132.247.74.184,
132.247.74.190,
132.247.74.254,
132.247.75.10,
132.247.75.126,
132.247.75.127,
132.247.75.142,
132.247.75.143,
132.247.76.17,
132.247.76.36,
132.247.76.38,
132.247.76.89,
132.247.76.90,
132.247.76.218,
132.247.76.226,
132.247.76.227,
132.247.76.228,
132.247.76.230,
132.247.76.231,
132.247.76.232,
132.247.76.233,
132.247.76.234,
132.247.76.235,
132.247.76.236,
132.247.76.237,
132.247.76.238,
132.247.76.239,
132.247.76.240,
132.247.76.241,
132.247.76.242,
132.247.76.243,
132.247.76.244,
132.247.76.245,
132.247.76.246,
132.247.76.247,
132.247.76.248,
132.247.76.249,
132.247.76.250,
132.247.76.251,
132.247.76.252,
132.247.76.254,
132.247.76.255,
132.247.77.254,
132.247.77.255,
132.247.78.254,
132.247.78.255,
132.247.80.9,
132.247.80.10,
132.247.80.126,
132.247.80.130,
132.247.80.133,
132.247.80.148,
132.247.80.152,
132.247.80.153,
132.247.80.188,
132.247.80.189,
132.247.80.191,
132.247.80.228,
132.247.80.233,
132.247.80.234,
132.247.80.252,
132.247.80.253,
132.247.81.1,
132.247.81.40,
132.247.81.98,
132.247.81.99,
132.247.81.100,
132.247.81.101,
132.247.81.102,
132.247.81.104,
132.247.81.106,
132.247.81.250,
132.247.81.251,
132.247.81.252,
132.247.81.253,
132.247.81.254,
132.247.82.83,
132.247.82.180,
132.247.82.254,
132.247.82.255,
132.247.83.2,
132.247.83.3,
132.247.83.4,
132.247.83.6,
132.247.83.7,
132.247.83.14,
132.247.83.51,
132.247.83.151,
132.247.83.154,
132.247.83.194,
132.247.83.195,
132.247.83.196,
132.247.83.250,
132.247.83.254,
132.247.84.94,
132.247.84.104,
132.247.84.154,
132.247.84.250,
132.247.84.251,
132.247.84.252,
132.247.84.253,
132.247.84.254,
132.247.85.3,
132.247.85.67,
132.247.85.104,
132.247.85.121,
132.247.85.127,
132.247.85.184,
132.247.85.204,
132.247.85.207,
132.247.85.211,
132.247.85.212,
132.247.85.215,
132.247.85.216,
132.247.85.234,
132.247.85.241,
132.247.85.250,
132.247.85.251,
132.247.85.252,
132.247.85.253,
132.247.85.254,
132.247.86.26,
132.247.86.62,
132.247.86.86,
132.247.86.90,
132.247.86.97,
132.247.86.98,
132.247.86.126,
132.247.86.127,
132.247.86.129,
132.247.86.130,
132.247.86.131,
132.247.86.132,
132.247.86.133,
132.247.86.134,
132.247.86.135,
132.247.86.136,
132.247.86.137,
132.247.86.138,
132.247.86.139,
132.247.86.140,
132.247.86.141,
132.247.86.142,
132.247.86.143,
132.247.86.144,
132.247.86.145,
132.247.86.146,
132.247.86.147,
132.247.86.148,
132.247.86.149,
132.247.86.150,
132.247.86.151,
132.247.86.152,
132.247.86.153,
132.247.86.154,
132.247.86.155,
132.247.86.156,
132.247.86.157,
132.247.86.158,
132.247.86.159,
132.247.86.160,
132.247.86.161,
132.247.86.162,
132.247.86.163,
132.247.86.164,
132.247.86.165,
132.247.86.166,
132.247.86.167,
132.247.86.168,
132.247.86.169,
132.247.86.170,
132.247.86.171,
132.247.86.172,
132.247.86.173,
132.247.86.174,
132.247.86.175,
132.247.86.176,
132.247.86.177,
132.247.86.178,
132.247.86.179,
132.247.86.180,
132.247.86.181,
132.247.86.182,
132.247.86.183,
132.247.86.184,
132.247.86.185,
132.247.86.186,
132.247.86.187,
132.247.86.188,
132.247.86.189,
132.247.86.190,
132.247.86.191,
132.247.86.192,
132.247.86.193,
132.247.86.194,
132.247.86.195,
132.247.86.196,
132.247.86.197,
132.247.86.198,
132.247.86.199,
132.247.86.200,
132.247.86.201,
132.247.86.202,
132.247.86.203,
132.247.86.204,
132.247.86.205,
132.247.86.206,
132.247.86.207,
132.247.86.208,
132.247.86.209,
132.247.86.210,
132.247.86.211,
132.247.86.212,
132.247.86.213,
132.247.86.214,
132.247.86.215,
132.247.86.216,
132.247.86.217,
132.247.86.218,
132.247.86.219,
132.247.86.220,
132.247.86.221,
132.247.86.222,
132.247.86.223,
132.247.86.224,
132.247.86.225,
132.247.86.226,
132.247.86.227,
132.247.86.228,
132.247.86.229,
132.247.86.230,
132.247.86.231,
132.247.86.232,
132.247.86.233,
132.247.86.234,
132.247.86.235,
132.247.86.236,
132.247.86.237,
132.247.86.238,
132.247.86.239,
132.247.86.240,
132.247.86.241,
132.247.86.242,
132.247.86.243,
132.247.86.244,
132.247.86.245,
132.247.86.246,
132.247.86.247,
132.247.86.248,
132.247.86.249,
132.247.86.250,
132.247.86.251,
132.247.86.252,
132.247.86.253,
132.247.86.254,
132.247.86.255,
132.247.87.6,
132.247.87.7,
132.247.87.14,
132.247.87.15,
132.247.87.22,
132.247.87.23,
132.247.87.25,
132.247.87.30,
132.247.87.31,
132.247.87.62,
132.247.87.63,
132.247.87.65,
132.247.87.66,
132.247.87.67,
132.247.87.69,
132.247.87.71,
132.247.87.72,
132.247.87.75,
132.247.87.78,
132.247.87.79,
132.247.87.80,
132.247.87.81,
132.247.87.82,
132.247.87.84,
132.247.87.93,
132.247.87.94,
132.247.87.95,
132.247.87.190,
132.247.87.191,
132.247.87.222,
132.247.87.223,
132.247.87.250,
132.247.87.252,
132.247.87.254,
132.247.87.255,
132.247.88.110,
132.247.88.254,
132.247.89.190,
132.247.89.236,
132.247.89.243,
132.247.89.254,
132.247.90.1,
132.247.90.2,
132.247.90.3,
132.247.90.4,
132.247.90.5,
132.247.90.10,
132.247.90.12,
132.247.90.16,
132.247.90.17,
132.247.90.28,
132.247.90.46,
132.247.90.52,
132.247.90.60,
132.247.90.91,
132.247.90.93,
132.247.90.96,
132.247.90.98,
132.247.90.100,
132.247.90.103,
132.247.90.106,
132.247.90.120,
132.247.90.169,
132.247.90.221,
132.247.90.231,
132.247.90.254,
132.247.91.1,
132.247.91.3,
132.247.91.4,
132.247.91.61,
132.247.91.62,
132.247.91.101,
132.247.91.113,
132.247.91.114,
132.247.91.129,
132.247.91.131,
132.247.91.141,
132.247.91.142,
132.247.91.172,
132.247.91.173,
132.247.91.174,
132.247.92.1,
132.247.92.2,
132.247.92.3,
132.247.92.4,
132.247.92.7,
132.247.92.8,
132.247.92.61,
132.247.92.62,
132.247.92.97,
132.247.92.101,
132.247.92.129,
132.247.92.131,
132.247.92.132,
132.247.92.133,
132.247.92.141,
132.247.92.142,
132.247.92.174,
132.247.93.1,
132.247.93.2,
132.247.93.3,
132.247.93.4,
132.247.93.50,
132.247.93.61,
132.247.93.62,
132.247.93.101,
132.247.93.113,
132.247.93.114,
132.247.93.129,
132.247.93.130,
132.247.93.131,
132.247.93.141,
132.247.93.142,
132.247.93.172,
132.247.93.173,
132.247.93.174,
132.247.94.1,
132.247.94.2,
132.247.94.3,
132.247.94.4,
132.247.94.10,
132.247.94.11,
132.247.94.61,
132.247.94.62,
132.247.94.101,
132.247.94.113,
132.247.94.114,
132.247.94.129,
132.247.94.130,
132.247.94.131,
132.247.94.141,
132.247.94.142,
132.247.95.1,
132.247.95.2,
132.247.95.3,
132.247.95.4,
132.247.95.61,
132.247.95.62,
132.247.95.101,
132.247.95.113,
132.247.95.114,
132.247.95.129,
132.247.95.130,
132.247.95.131,
132.247.95.132,
132.247.95.133,
132.247.95.134,
132.247.95.141,
132.247.95.142,
132.247.95.164,
132.247.95.165,
132.247.95.166,
132.247.95.168,
132.247.95.171,
132.247.95.172,
132.247.95.173,
132.247.95.174,
132.247.96.2,
132.247.96.3,
132.247.96.6,
132.247.96.9,
132.247.96.10,
132.247.96.65,
132.247.96.66,
132.247.96.93,
132.247.96.94,
132.247.96.121,
132.247.96.122,
132.247.96.123,
132.247.96.126,
132.247.96.129,
132.247.96.130,
132.247.96.131,
132.247.96.132,
132.247.96.141,
132.247.96.142,
132.247.97.1,
132.247.97.2,
132.247.97.6,
132.247.97.9,
132.247.97.10,
132.247.97.65,
132.247.97.93,
132.247.97.94,
132.247.97.121,
132.247.97.122,
132.247.97.123,
132.247.97.124,
132.247.97.126,
132.247.97.129,
132.247.97.130,
132.247.97.141,
132.247.97.142,
132.247.97.254,
132.247.98.1,
132.247.98.2,
132.247.98.3,
132.247.98.4,
132.247.98.20,
132.247.98.61,
132.247.98.62,
132.247.98.101,
132.247.98.113,
132.247.98.114,
132.247.98.129,
132.247.98.130,
132.247.98.141,
132.247.98.142,
132.247.98.167,
132.247.98.168,
132.247.98.169,
132.247.98.172,
132.247.98.173,
132.247.98.174,
132.247.99.1,
132.247.99.2,
132.247.99.3,
132.247.99.4,
132.247.99.61,
132.247.99.62,
132.247.99.97,
132.247.99.101,
132.247.99.113,
132.247.99.114,
132.247.99.129,
132.247.99.130,
132.247.99.131,
132.247.99.141,
132.247.99.142,
132.247.100.1,
132.247.100.15,
132.247.100.16,
132.247.100.17,
132.247.100.18,
132.247.100.23,
132.247.100.40,
132.247.100.82,
132.247.100.252,
132.247.100.253,
132.247.101.21,
132.247.101.204,
132.247.101.254,
132.247.102.228,
132.247.102.254,
132.247.103.1,
132.247.103.2,
132.247.103.3,
132.247.103.4,
132.247.103.5,
132.247.103.12,
132.247.103.14,
132.247.103.15,
132.247.103.17,
132.247.103.18,
132.247.103.20,
132.247.103.21,
132.247.103.25,
132.247.103.26,
132.247.103.27,
132.247.103.30,
132.247.103.38,
132.247.103.39,
132.247.103.47,
132.247.103.118,
132.247.103.120,
132.247.103.133,
132.247.103.134,
132.247.103.136,
132.247.103.137,
132.247.103.138,
132.247.103.139,
132.247.103.141,
132.247.103.142,
132.247.103.143,
132.247.103.144,
132.247.103.228,
132.247.103.229,
132.247.103.238,
132.247.103.239,
132.247.103.240,
132.247.103.241,
132.247.103.242,
132.247.103.243,
132.247.103.244,
132.247.103.245,
132.247.103.249,
132.247.103.251,
132.247.103.252,
132.247.103.253,
132.247.103.254,
132.247.104.48,
132.247.104.114,
132.247.104.117,
132.247.104.118,
132.247.104.127,
132.247.104.170,
132.247.104.171,
132.247.104.194,
132.247.104.195,
132.247.104.196,
132.247.104.248,
132.247.104.255,
132.247.105.22,
132.247.105.26,
132.247.105.79,
132.247.105.126,
132.247.105.129,
132.247.105.158,
132.247.105.161,
132.247.105.162,
132.247.105.167,
132.247.105.169,
132.247.105.173,
132.247.105.174,
132.247.105.175,
132.247.105.176,
132.247.105.177,
132.247.105.180,
132.247.105.191,
132.247.105.192,
132.247.105.193,
132.247.105.194,
132.247.105.195,
132.247.105.196,
132.247.105.197,
132.247.105.198,
132.247.105.199,
132.247.105.200,
132.247.105.201,
132.247.105.202,
132.247.105.203,
132.247.105.204,
132.247.105.205,
132.247.105.206,
132.247.105.207,
132.247.105.208,
132.247.105.209,
132.247.105.210,
132.247.105.211,
132.247.105.212,
132.247.105.213,
132.247.105.214,
132.247.105.215,
132.247.105.216,
132.247.105.217,
132.247.105.218,
132.247.105.219,
132.247.105.220,
132.247.105.221,
132.247.105.222,
132.247.105.223,
132.247.105.226,
132.247.105.227,
132.247.105.228,
132.247.105.229,
132.247.105.238,
132.247.105.239,
132.247.105.241,
132.247.105.242,
132.247.105.244,
132.247.105.245,
132.247.105.246,
132.247.105.247,
132.247.105.250,
132.247.105.251,
132.247.105.253,
132.247.105.254,
132.247.106.1,
132.247.106.5,
132.247.106.6,
132.247.106.7,
132.247.106.8,
132.247.106.9,
132.247.106.20,
132.247.106.126,
132.247.106.151,
132.247.106.152,
132.247.106.153,
132.247.106.154,
132.247.106.254,
132.247.107.2,
132.247.107.4,
132.247.107.6,
132.247.107.7,
132.247.107.105,
132.247.107.118,
132.247.107.137,
132.247.107.166,
132.247.107.195,
132.247.107.196,
132.247.107.199,
132.247.107.200,
132.247.107.201,
132.247.107.245,
132.247.107.246,
132.247.108.62,
132.247.108.63,
132.247.108.75,
132.247.108.76,
132.247.108.80,
132.247.108.89,
132.247.108.90,
132.247.108.98,
132.247.108.161,
132.247.108.162,
132.247.108.163,
132.247.108.164,
132.247.108.165,
132.247.108.190,
132.247.108.201,
132.247.108.206,
132.247.108.209,
132.247.108.210,
132.247.108.211,
132.247.108.217,
132.247.108.218,
132.247.108.219,
132.247.108.221,
132.247.108.222,
132.247.108.223,
132.247.108.226,
132.247.108.229,
132.247.108.230,
132.247.108.233,
132.247.108.234,
132.247.108.237,
132.247.108.238,
132.247.108.241,
132.247.108.254,
132.247.108.255,
132.247.109.30,
132.247.109.31,
132.247.109.36,
132.247.109.37,
132.247.109.38,
132.247.109.39,
132.247.109.62,
132.247.109.65,
132.247.109.66,
132.247.109.68,
132.247.109.69,
132.247.109.70,
132.247.109.71,
132.247.109.72,
132.247.109.94,
132.247.109.95,
132.247.109.97,
132.247.109.98,
132.247.109.99,
132.247.109.100,
132.247.109.101,
132.247.109.102,
132.247.109.126,
132.247.109.129,
132.247.109.130,
132.247.109.133,
132.247.109.134,
132.247.109.135,
132.247.109.141,
132.247.109.142,
132.247.109.143,
132.247.109.145,
132.247.109.146,
132.247.109.174,
132.247.109.182,
132.247.109.183,
132.247.109.185,
132.247.109.186,
132.247.109.189,
132.247.109.190,
132.247.109.254,
132.247.110.1,
132.247.110.3,
132.247.110.4,
132.247.110.5,
132.247.110.12,
132.247.110.20,
132.247.110.22,
132.247.110.23,
132.247.110.38,
132.247.110.41,
132.247.110.42,
132.247.110.51,
132.247.110.55,
132.247.110.73,
132.247.110.78,
132.247.110.100,
132.247.110.101,
132.247.110.102,
132.247.110.103,
132.247.110.111,
132.247.110.119,
132.247.110.126,
132.247.110.129,
132.247.110.130,
132.247.110.189,
132.247.110.190,
132.247.111.12,
132.247.111.14,
132.247.111.24,
132.247.111.132,
132.247.111.135,
132.247.111.136,
132.247.111.196,
132.247.111.246,
132.247.111.247,
132.247.111.254,
132.247.112.1,
132.247.112.4,
132.247.112.30,
132.247.112.33,
132.247.112.34,
132.247.112.36,
132.247.112.62,
132.247.112.65,
132.247.112.66,
132.247.112.75,
132.247.112.94,
132.247.112.97,
132.247.112.98,
132.247.112.100,
132.247.112.126,
132.247.112.129,
132.247.112.130,
132.247.112.131,
132.247.112.158,
132.247.112.161,
132.247.112.163,
132.247.112.164,
132.247.112.190,
132.247.112.193,
132.247.112.194,
132.247.112.195,
132.247.112.222,
132.247.112.225,
132.247.112.226,
132.247.112.230,
132.247.112.254,
132.247.113.88,
132.247.113.125,
132.247.113.254,
132.247.114.50,
132.247.114.61,
132.247.114.62,
132.247.114.158,
132.247.115.1,
132.247.115.2,
132.247.115.3,
132.247.115.4,
132.247.115.5,
132.247.115.6,
132.247.115.7,
132.247.115.8,
132.247.115.9,
132.247.115.10,
132.247.115.11,
132.247.115.12,
132.247.115.13,
132.247.115.14,
132.247.115.15,
132.247.115.16,
132.247.115.17,
132.247.115.18,
132.247.115.19,
132.247.115.20,
132.247.115.21,
132.247.115.22,
132.247.115.23,
132.247.115.24,
132.247.115.25,
132.247.115.26,
132.247.115.27,
132.247.115.28,
132.247.115.29,
132.247.115.30,
132.247.115.31,
132.247.115.32,
132.247.115.33,
132.247.115.34,
132.247.115.35,
132.247.115.36,
132.247.115.37,
132.247.115.38,
132.247.115.39,
132.247.115.40,
132.247.115.41,
132.247.115.42,
132.247.115.43,
132.247.115.44,
132.247.115.45,
132.247.115.47,
132.247.115.48,
132.247.115.49,
132.247.115.50,
132.247.115.126,
132.247.115.129,
132.247.115.130,
132.247.115.132,
132.247.115.133,
132.247.115.134,
132.247.115.135,
132.247.115.136,
132.247.115.137,
132.247.115.139,
132.247.115.140,
132.247.115.158,
132.247.115.161,
132.247.115.162,
132.247.115.163,
132.247.115.164,
132.247.115.166,
132.247.115.167,
132.247.115.168,
132.247.115.169,
132.247.115.170,
132.247.115.190,
132.247.115.193,
132.247.115.194,
132.247.115.195,
132.247.115.196,
132.247.115.197,
132.247.115.198,
132.247.115.199,
132.247.115.200,
132.247.115.201,
132.247.115.206,
132.247.115.209,
132.247.115.210,
132.247.115.222,
132.247.115.254,
132.247.116.1,
132.247.116.15,
132.247.116.22,
132.247.116.62,
132.247.116.140,
132.247.116.176,
132.247.116.190,
132.247.116.210,
132.247.116.217,
132.247.116.233,
132.247.116.242,
132.247.116.251,
132.247.116.254,
132.247.117.24,
132.247.117.44,
132.247.117.67,
132.247.117.69,
132.247.117.89,
132.247.117.90,
132.247.117.125,
132.247.117.126,
132.247.117.133,
132.247.117.134,
132.247.117.138,
132.247.117.139,
132.247.117.142,
132.247.117.144,
132.247.117.145,
132.247.117.147,
132.247.117.148,
132.247.117.149,
132.247.117.150,
132.247.117.152,
132.247.117.154,
132.247.117.158,
132.247.117.159,
132.247.117.160,
132.247.117.161,
132.247.117.162,
132.247.117.254,
132.247.118.4,
132.247.118.32,
132.247.118.126,
132.247.118.146,
132.247.118.149,
132.247.118.178,
132.247.118.189,
132.247.118.190,
132.247.119.62,
132.247.119.126,
132.247.119.129,
132.247.119.130,
132.247.119.131,
132.247.119.132,
132.247.119.133,
132.247.119.134,
132.247.119.136,
132.247.119.137,
132.247.119.138,
132.247.119.139,
132.247.119.144,
132.247.119.158,
132.247.119.196,
132.247.119.199,
132.247.119.233,
132.247.119.250,
132.247.119.251,
132.247.119.252,
132.247.119.253,
132.247.120.8,
132.247.120.9,
132.247.120.39,
132.247.120.54,
132.247.120.60,
132.247.120.67,
132.247.120.158,
132.247.120.194,
132.247.120.196,
132.247.120.254,
132.247.121.2,
132.247.121.13,
132.247.121.14,
132.247.121.116,
132.247.121.117,
132.247.121.118,
132.247.121.119,
132.247.121.121,
132.247.121.124,
132.247.121.126,
132.247.121.127,
132.247.122.83,
132.247.122.100,
132.247.122.101,
132.247.122.102,
132.247.122.103,
132.247.122.104,
132.247.122.107,
132.247.122.109,
132.247.122.124,
132.247.122.125,
132.247.122.126,
132.247.122.190,
132.247.123.30,
132.247.123.104,
132.247.123.105,
132.247.123.124,
132.247.123.126,
132.247.123.145,
132.247.123.146,
132.247.123.149,
132.247.123.150,
132.247.123.153,
132.247.123.154,
132.247.123.157,
132.247.123.158,
132.247.123.161,
132.247.123.162,
132.247.123.193,
132.247.123.197,
132.247.123.254,
132.247.126.84,
132.247.126.87,
132.247.126.221,
132.247.126.250,
132.247.126.253,
132.247.126.254,
132.247.127.2,
132.247.127.7,
132.247.127.125,
132.247.127.126,
132.247.127.129,
132.247.127.131,
132.247.127.132,
132.247.127.133,
132.247.127.167,
132.247.127.176,
132.247.127.194,
132.247.127.195,
132.247.127.197,
132.247.127.198,
132.247.127.199,
132.247.127.254,
132.247.128.26,
132.247.128.40,
132.247.128.45,
132.247.128.48,
132.247.128.60,
132.247.128.123,
132.247.128.174,
132.247.128.254,
132.247.129.2,
132.247.129.3,
132.247.129.10,
132.247.129.11,
132.247.129.12,
132.247.129.13,
132.247.129.14,
132.247.129.15,
132.247.129.221,
132.247.129.222,
132.247.129.254,
132.247.130.25,
132.247.130.31,
132.247.130.51,
132.247.130.106,
132.247.130.119,
132.247.130.120,
132.247.130.121,
132.247.130.122,
132.247.130.170,
132.247.130.171,
132.247.130.172,
132.247.130.173,
132.247.130.174,
132.247.130.177,
132.247.130.178,
132.247.130.179,
132.247.130.180,
132.247.130.181,
132.247.130.182,
132.247.130.183,
132.247.130.184,
132.247.130.186,
132.247.130.189,
132.247.130.190,
132.247.130.191,
132.247.130.192,
132.247.130.203,
132.247.130.223,
132.247.130.224,
132.247.130.226,
132.247.130.227,
132.247.130.228,
132.247.130.229,
132.247.130.231,
132.247.130.232,
132.247.130.233,
132.247.130.234,
132.247.130.235,
132.247.130.236,
132.247.130.237,
132.247.130.238,
132.247.130.245,
132.247.130.251,
132.247.130.254,
132.247.131.1,
132.247.131.5,
132.247.131.86,
132.247.131.137,
132.247.131.150,
132.247.131.160,
132.247.131.202,
132.247.131.205,
132.247.131.206,
132.247.131.210,
132.247.131.211,
132.247.131.213,
132.247.131.224,
132.247.131.227,
132.247.131.231,
132.247.131.245,
132.247.131.250,
132.247.131.253,
132.247.132.3,
132.247.132.20,
132.247.132.21,
132.247.132.22,
132.247.132.23,
132.247.132.26,
132.247.132.29,
132.247.132.38,
132.247.132.39,
132.247.132.53,
132.247.132.54,
132.247.132.55,
132.247.132.59,
132.247.132.88,
132.247.132.108,
132.247.132.128,
132.247.132.129,
132.247.132.165,
132.247.132.250,
132.247.132.252,
132.247.132.253,
132.247.132.255,
132.247.133.245,
132.247.133.252,
132.247.133.253,
132.247.134.62,
132.247.134.81,
132.247.134.86,
132.247.134.92,
132.247.134.93,
132.247.134.94,
132.247.134.113,
132.247.134.114,
132.247.134.115,
132.247.134.117,
132.247.134.118,
132.247.134.119,
132.247.134.125,
132.247.134.126,
132.247.134.130,
132.247.134.131,
132.247.134.150,
132.247.134.189,
132.247.134.190,
132.247.134.197,
132.247.134.198,
132.247.134.214,
132.247.134.215,
132.247.134.217,
132.247.134.218,
132.247.134.233,
132.247.134.241,
132.247.134.242,
132.247.134.254,
132.247.134.255,
132.247.135.25,
132.247.135.60,
132.247.135.62,
132.247.135.94,
132.247.135.99,
132.247.135.101,
132.247.135.126,
132.247.135.158,
132.247.135.190,
132.247.135.198,
132.247.135.201,
132.247.135.206,
132.247.135.213,
132.247.135.222,
132.247.135.238,
132.247.135.246,
132.247.135.252,
132.247.135.253,
132.247.135.254,
132.247.136.0,
132.247.136.2,
132.247.136.42,
132.247.136.207,
132.247.136.211,
132.247.136.235,
132.247.136.236,
132.247.136.245,
132.247.136.254,
132.247.136.255,
132.247.137.241,
132.247.137.247,
132.247.137.254,
132.247.138.126,
132.247.138.254,
132.247.139.40,
132.247.139.72,
132.247.139.73,
132.247.139.74,
132.247.139.126,
132.247.139.131,
132.247.139.158,
132.247.139.190,
132.247.139.252,
132.247.139.254,
132.247.140.10,
132.247.140.20,
132.247.140.50,
132.247.140.51,
132.247.140.55,
132.247.140.56,
132.247.140.126,
132.247.140.130,
132.247.140.150,
132.247.140.158,
132.247.140.168,
132.247.140.186,
132.247.140.196,
132.247.140.197,
132.247.140.210,
132.247.140.238,
132.247.140.242,
132.247.140.244,
132.247.140.247,
132.247.141.2,
132.247.141.3,
132.247.141.8,
132.247.141.10,
132.247.141.18,
132.247.141.19,
132.247.141.20,
132.247.141.21,
132.247.141.23,
132.247.141.30,
132.247.141.35,
132.247.141.50,
132.247.141.73,
132.247.141.106,
132.247.141.129,
132.247.141.149,
132.247.141.158,
132.247.141.254,
132.247.142.30,
132.247.142.149,
132.247.142.150,
132.247.143.14,
132.247.143.30,
132.247.143.137,
132.247.143.138,
132.247.143.139,
132.247.143.140,
132.247.143.141,
132.247.143.142,
132.247.143.158,
132.247.143.161,
132.247.143.162,
132.247.143.163,
132.247.143.174,
132.247.143.220,
132.247.143.222,
132.247.144.3,
132.247.144.50,
132.247.144.56,
132.247.144.80,
132.247.144.88,
132.247.144.89,
132.247.144.90,
132.247.144.91,
132.247.144.92,
132.247.144.104,
132.247.144.107,
132.247.144.114,
132.247.144.115,
132.247.144.120,
132.247.144.123,
132.247.144.124,
132.247.144.252,
132.247.144.253,
132.247.145.24,
132.247.145.66,
132.247.145.67,
132.247.145.70,
132.247.145.84,
132.247.145.86,
132.247.145.103,
132.247.145.106,
132.247.145.116,
132.247.145.145,
132.247.145.146,
132.247.145.152,
132.247.145.163,
132.247.145.164,
132.247.145.167,
132.247.145.168,
132.247.145.184,
132.247.145.200,
132.247.145.213,
132.247.145.217,
132.247.145.218,
132.247.145.222,
132.247.145.225,
132.247.145.229,
132.247.145.244,
132.247.145.245,
132.247.145.248,
132.247.145.249,
132.247.145.251,
132.247.145.254,
132.247.145.255,
132.247.146.9,
132.247.146.10,
132.247.146.13,
132.247.146.17,
132.247.146.24,
132.247.146.30,
132.247.146.33,
132.247.146.46,
132.247.146.49,
132.247.146.50,
132.247.146.51,
132.247.146.54,
132.247.146.56,
132.247.146.57,
132.247.146.62,
132.247.146.73,
132.247.146.74,
132.247.146.75,
132.247.146.78,
132.247.146.94,
132.247.146.114,
132.247.146.117,
132.247.146.118,
132.247.146.119,
132.247.146.140,
132.247.146.142,
132.247.146.143,
132.247.146.144,
132.247.146.145,
132.247.146.148,
132.247.146.150,
132.247.146.151,
132.247.146.152,
132.247.146.154,
132.247.146.155,
132.247.146.157,
132.247.146.158,
132.247.146.159,
132.247.146.165,
132.247.146.166,
132.247.146.174,
132.247.146.182,
132.247.146.185,
132.247.146.190,
132.247.146.218,
132.247.146.220,
132.247.146.221,
132.247.146.222,
132.247.146.238,
132.247.146.250,
132.247.147.2,
132.247.147.3,
132.247.147.4,
132.247.147.5,
132.247.147.6,
132.247.147.11,
132.247.147.13,
132.247.147.18,
132.247.147.20,
132.247.147.21,
132.247.147.22,
132.247.147.23,
132.247.147.31,
132.247.147.33,
132.247.147.90,
132.247.147.91,
132.247.147.141,
132.247.147.144,
132.247.147.146,
132.247.147.147,
132.247.147.162,
132.247.147.220,
132.247.147.241,
132.247.147.242,
132.247.147.243,
132.247.147.244,
132.247.147.245,
132.247.147.252,
132.247.147.253,
132.247.148.5,
132.247.148.13,
132.247.148.16,
132.247.148.22,
132.247.148.25,
132.247.148.29,
132.247.148.32,
132.247.148.44,
132.247.148.47,
132.247.148.48,
132.247.148.50,
132.247.148.60,
132.247.148.61,
132.247.148.65,
132.247.148.66,
132.247.148.67,
132.247.148.68,
132.247.148.69,
132.247.148.70,
132.247.148.71,
132.247.148.77,
132.247.148.78,
132.247.148.80,
132.247.148.94,
132.247.148.95,
132.247.148.99,
132.247.148.100,
132.247.148.127,
132.247.148.219,
132.247.148.222,
132.247.148.231,
132.247.148.232,
132.247.148.233,
132.247.148.234,
132.247.148.237,
132.247.148.243,
132.247.148.253,
132.247.148.254,
132.247.149.1,
132.247.149.2,
132.247.149.5,
132.247.149.7,
132.247.149.187,
132.247.149.248,
132.247.149.249,
132.247.150.4,
132.247.150.252,
132.247.150.253,
132.247.151.62,
132.247.151.130,
132.247.151.131,
132.247.151.134,
132.247.151.135,
132.247.151.138,
132.247.151.139,
132.247.151.142,
132.247.151.143,
132.247.151.158,
132.247.151.174,
132.247.151.175,
132.247.151.181,
132.247.151.182,
132.247.151.201,
132.247.151.202,
132.247.151.203,
132.247.151.205,
132.247.151.206,
132.247.151.207,
132.247.151.210,
132.247.151.211,
132.247.151.213,
132.247.151.214,
132.247.151.215,
132.247.151.218,
132.247.151.222,
132.247.151.223,
132.247.151.225,
132.247.151.226,
132.247.151.233,
132.247.151.234,
132.247.151.237,
132.247.151.238,
132.247.151.242,
132.247.151.245,
132.247.151.246,
132.247.151.247,
132.247.152.1,
132.247.152.2,
132.247.152.3,
132.247.152.30,
132.247.152.33,
132.247.152.34,
132.247.152.35,
132.247.152.36,
132.247.152.37,
132.247.152.62,
132.247.152.67,
132.247.152.69,
132.247.152.71,
132.247.152.94,
132.247.152.98,
132.247.152.99,
132.247.152.126,
132.247.152.131,
132.247.152.157,
132.247.152.158,
132.247.152.226,
132.247.152.228,
132.247.152.254,
132.247.153.1,
132.247.153.3,
132.247.153.30,
132.247.153.33,
132.247.153.34,
132.247.153.35,
132.247.153.39,
132.247.153.62,
132.247.153.97,
132.247.153.98,
132.247.153.99,
132.247.153.101,
132.247.153.126,
132.247.153.129,
132.247.153.131,
132.247.153.132,
132.247.153.158,
132.247.153.166,
132.247.153.190,
132.247.153.238,
132.247.153.246,
132.247.153.247,
132.247.153.249,
132.247.153.250,
132.247.153.251,
132.247.154.39,
132.247.154.40,
132.247.154.41,
132.247.154.43,
132.247.154.44,
132.247.154.45,
132.247.154.46,
132.247.154.77,
132.247.154.78,
132.247.154.79,
132.247.154.80,
132.247.154.92,
132.247.154.117,
132.247.154.140,
132.247.154.154,
132.247.154.190,
132.247.154.192,
132.247.154.196,
132.247.154.200,
132.247.154.201,
132.247.154.228,
132.247.154.229,
132.247.154.254,
132.247.154.255,
132.247.155.7,
132.247.155.210,
132.247.155.254,
132.247.156.50,
132.247.156.51,
132.247.156.67,
132.247.156.78,
132.247.156.155,
132.247.156.171,
132.247.156.240,
132.247.156.244,
132.247.156.254,
132.247.157.1,
132.247.157.2,
132.247.157.6,
132.247.157.8,
132.247.157.10,
132.247.157.253,
132.247.157.254,
132.247.158.10,
132.247.158.11,
132.247.158.12,
132.247.158.17,
132.247.158.18,
132.247.158.21,
132.247.158.23,
132.247.158.24,
132.247.158.254,
132.247.159.151,
132.247.159.238,
132.247.159.239,
132.247.159.240,
132.247.159.241,
132.247.159.242,
132.247.159.243,
132.247.159.244,
132.247.159.247,
132.247.159.248,
132.247.159.254,
132.247.160.1,
132.247.160.6,
132.247.160.17,
132.247.160.22,
132.247.160.24,
132.247.160.62,
132.247.160.94,
132.247.160.126,
132.247.161.7,
132.247.161.37,
132.247.161.38,
132.247.161.39,
132.247.161.41,
132.247.161.44,
132.247.161.51,
132.247.161.52,
132.247.161.53,
132.247.161.54,
132.247.161.55,
132.247.161.56,
132.247.161.58,
132.247.161.64,
132.247.161.66,
132.247.161.69,
132.247.161.70,
132.247.161.74,
132.247.161.100,
132.247.161.254,
132.247.162.35,
132.247.162.38,
132.247.162.40,
132.247.162.46,
132.247.162.50,
132.247.162.57,
132.247.162.79,
132.247.162.83,
132.247.162.85,
132.247.162.86,
132.247.162.100,
132.247.162.102,
132.247.162.124,
132.247.162.125,
132.247.162.127,
132.247.162.145,
132.247.162.158,
132.247.162.159,
132.247.162.166,
132.247.162.167,
132.247.162.169,
132.247.162.191,
132.247.162.249,
132.247.162.252,
132.247.162.253,
132.247.163.90,
132.247.163.91,
132.247.163.92,
132.247.163.93,
132.247.163.96,
132.247.163.116,
132.247.163.117,
132.247.163.118,
132.247.163.119,
132.247.163.120,
132.247.163.121,
132.247.163.122,
132.247.163.123,
132.247.163.124,
132.247.163.125,
132.247.163.126,
132.247.163.129,
132.247.163.135,
132.247.163.148,
132.247.163.157,
132.247.163.254,
132.247.164.3,
132.247.164.4,
132.247.164.5,
132.247.164.43,
132.247.164.116,
132.247.164.118,
132.247.164.119,
132.247.164.129,
132.247.164.133,
132.247.164.134,
132.247.164.142,
132.247.164.145,
132.247.164.158,
132.247.164.190,
132.247.164.206,
132.247.164.207,
132.247.164.222,
132.247.164.241,
132.247.164.242,
132.247.164.245,
132.247.164.246,
132.247.164.249,
132.247.164.250,
132.247.164.253,
132.247.164.254,
132.247.165.21,
132.247.165.254,
132.247.166.254,
132.247.167.1,
132.247.167.49,
132.247.167.50,
132.247.167.52,
132.247.167.53,
132.247.167.55,
132.247.167.62,
132.247.167.65,
132.247.167.125,
132.247.167.126,
132.247.167.176,
132.247.167.180,
132.247.167.181,
132.247.167.185,
132.247.167.186,
132.247.167.193,
132.247.167.194,
132.247.167.201,
132.247.167.252,
132.247.167.253,
132.247.168.254,
132.247.169.3,
132.247.169.5,
132.247.169.6,
132.247.169.10,
132.247.169.11,
132.247.169.14,
132.247.169.17,
132.247.169.18,
132.247.169.22,
132.247.169.30,
132.247.169.31,
132.247.169.62,
132.247.169.123,
132.247.169.126,
132.247.169.133,
132.247.169.143,
132.247.169.168,
132.247.169.178,
132.247.169.183,
132.247.169.185,
132.247.169.254,
132.247.170.125,
132.247.170.126,
132.247.170.158,
132.247.171.6,
132.247.171.13,
132.247.171.17,
132.247.171.21,
132.247.171.120,
132.247.171.121,
132.247.171.122,
132.247.171.125,
132.247.171.126,
132.247.171.153,
132.247.171.154,
132.247.171.201,
132.247.171.243,
132.247.171.244,
132.247.171.245,
132.247.171.246,
132.247.171.252,
132.247.171.253,
132.247.171.254,
132.247.172.17,
132.247.172.19,
132.247.172.24,
132.247.172.25,
132.247.172.27,
132.247.172.49,
132.247.172.50,
132.247.172.51,
132.247.172.58,
132.247.172.60,
132.247.172.145,
132.247.172.153,
132.247.172.245,
132.247.172.249,
132.247.173.124,
132.247.173.125,
132.247.173.142,
132.247.173.148,
132.247.173.158,
132.247.173.159,
132.247.173.190,
132.247.173.254,
132.247.174.6,
132.247.174.7,
132.247.174.14,
132.247.174.20,
132.247.174.30,
132.247.174.46,
132.247.174.50,
132.247.174.52,
132.247.174.59,
132.247.174.60,
132.247.174.61,
132.247.174.62,
132.247.174.68,
132.247.174.69,
132.247.174.70,
132.247.174.78,
132.247.174.86,
132.247.174.126,
132.247.174.129,
132.247.174.134,
132.247.174.142,
132.247.174.145,
132.247.174.146,
132.247.174.150,
132.247.174.158,
132.247.174.162,
132.247.174.165,
132.247.174.166,
132.247.174.169,
132.247.174.170,
132.247.174.185,
132.247.174.186,
132.247.174.187,
132.247.174.190,
132.247.174.191,
132.247.175.30,
132.247.176.129,
132.247.176.245,
132.247.176.246,
132.247.176.247,
132.247.176.248,
132.247.176.253,
132.247.176.254,
132.247.177.62,
132.247.177.74,
132.247.177.124,
132.247.177.126,
132.247.177.129,
132.247.177.133,
132.247.177.163,
132.247.177.165,
132.247.177.166,
132.247.177.167,
132.247.177.171,
132.247.177.190,
132.247.177.226,
132.247.177.246,
132.247.178.1,
132.247.178.250,
132.247.178.254,
132.247.179.129,
132.247.179.254,
132.247.180.29,
132.247.180.37,
132.247.180.48,
132.247.180.182,
132.247.180.183,
132.247.180.184,
132.247.180.185,
132.247.180.187,
132.247.180.189,
132.247.180.254,
132.247.181.2,
132.247.181.7,
132.247.181.29,
132.247.181.41,
132.247.181.42,
132.247.181.45,
132.247.181.46,
132.247.181.47,
132.247.181.49,
132.247.181.52,
132.247.181.53,
132.247.181.54,
132.247.181.90,
132.247.181.111,
132.247.181.130,
132.247.181.131,
132.247.181.132,
132.247.181.133,
132.247.181.137,
132.247.181.150,
132.247.181.154,
132.247.181.161,
132.247.181.162,
132.247.181.175,
132.247.181.208,
132.247.181.210,
132.247.181.221,
132.247.181.222,
132.247.181.223,
132.247.181.224,
132.247.181.225,
132.247.181.226,
132.247.181.227,
132.247.181.230,
132.247.181.231,
132.247.181.232,
132.247.181.233,
132.247.181.234,
132.247.181.235,
132.247.181.236,
132.247.181.239,
132.247.181.240,
132.247.181.241,
132.247.181.242,
132.247.181.250,
132.247.181.254,
132.247.182.1,
132.247.182.2,
132.247.182.3,
132.247.182.4,
132.247.182.6,
132.247.182.8,
132.247.182.9,
132.247.182.15,
132.247.182.62,
132.247.182.65,
132.247.182.66,
132.247.182.98,
132.247.182.107,
132.247.182.108,
132.247.182.109,
132.247.182.124,
132.247.182.126,
132.247.182.129,
132.247.182.130,
132.247.182.160,
132.247.182.190,
132.247.182.206,
132.247.182.233,
132.247.182.234,
132.247.182.238,
132.247.182.254,
132.247.183.1,
132.247.183.15,
132.247.183.16,
132.247.183.18,
132.247.183.33,
132.247.183.41,
132.247.183.54,
132.247.183.55,
132.247.183.61,
132.247.183.62,
132.247.183.114,
132.247.183.115,
132.247.183.119,
132.247.183.126,
132.247.183.154,
132.247.183.155,
132.247.183.156,
132.247.183.157,
132.247.183.158,
132.247.183.161,
132.247.183.162,
132.247.183.163,
132.247.183.180,
132.247.183.189,
132.247.183.190,
132.247.183.195,
132.247.183.199,
132.247.183.211,
132.247.183.220,
132.247.183.221,
132.247.183.225,
132.247.183.226,
132.247.183.227,
132.247.183.228,
132.247.183.229,
132.247.183.230,
132.247.183.231,
132.247.183.232,
132.247.183.233,
132.247.183.234,
132.247.183.235,
132.247.183.236,
132.247.183.237,
132.247.183.238,
132.247.183.239,
132.247.183.240,
132.247.183.241,
132.247.183.242,
132.247.183.254,
132.247.184.3,
132.247.184.4,
132.247.184.7,
132.247.184.8,
132.247.184.9,
132.247.184.10,
132.247.184.11,
132.247.184.25,
132.247.184.36,
132.247.184.41,
132.247.184.47,
132.247.184.52,
132.247.184.53,
132.247.184.199,
132.247.184.200,
132.247.184.202,
132.247.184.250,
132.247.184.254,
132.247.185.21,
132.247.185.22,
132.247.185.23,
132.247.185.24,
132.247.185.25,
132.247.185.27,
132.247.185.28,
132.247.185.29,
132.247.185.30,
132.247.185.31,
132.247.185.235,
132.247.185.237,
132.247.185.254,
132.247.186.21,
132.247.186.22,
132.247.186.23,
132.247.186.26,
132.247.186.27,
132.247.186.33,
132.247.186.40,
132.247.186.43,
132.247.186.45,
132.247.186.47,
132.247.186.254,
132.247.187.15,
132.247.187.20,
132.247.187.26,
132.247.187.30,
132.247.187.49,
132.247.187.50,
132.247.187.66,
132.247.187.67,
132.247.187.68,
132.247.187.69,
132.247.187.70,
132.247.187.71,
132.247.187.72,
132.247.187.73,
132.247.187.75,
132.247.187.76,
132.247.187.84,
132.247.187.252,
132.247.187.253,
132.247.187.255,
132.247.188.67,
132.247.188.92,
132.247.188.93,
132.247.188.95,
132.247.188.143,
132.247.188.152,
132.247.188.171,
132.247.188.177,
132.247.188.178,
132.247.188.188,
132.247.188.189,
132.247.189.1,
132.247.189.2,
132.247.189.3,
132.247.189.4,
132.247.189.5,
132.247.189.6,
132.247.189.7,
132.247.189.8,
132.247.189.10,
132.247.189.19,
132.247.189.61,
132.247.189.154,
132.247.189.155,
132.247.189.252,
132.247.189.253,
132.247.189.255,
132.247.190.1,
132.247.190.2,
132.247.190.3,
132.247.190.11,
132.247.190.30,
132.247.190.34,
132.247.190.60,
132.247.190.61,
132.247.190.62,
132.247.190.93,
132.247.190.94,
132.247.190.254,
132.247.192.2,
132.247.192.3,
132.247.192.4,
132.247.192.7,
132.247.192.8,
132.247.192.10,
132.247.192.11,
132.247.192.12,
132.247.192.15,
132.247.192.16,
132.247.192.17,
132.247.192.19,
132.247.192.25,
132.247.192.43,
132.247.192.47,
132.247.192.68,
132.247.192.70,
132.247.192.101,
132.247.192.104,
132.247.192.117,
132.247.192.125,
132.247.192.126,
132.247.192.127,
132.247.192.132,
132.247.192.133,
132.247.192.141,
132.247.192.150,
132.247.192.152,
132.247.192.158,
132.247.192.167,
132.247.192.189,
132.247.192.195,
132.247.192.198,
132.247.192.209,
132.247.192.211,
132.247.192.212,
132.247.192.213,
132.247.192.217,
132.247.192.219,
132.247.192.220,
132.247.192.222,
132.247.192.225,
132.247.192.234,
132.247.192.240,
132.247.192.246,
132.247.192.247,
132.247.192.248,
132.247.192.249,
132.247.192.250,
132.247.192.254,
132.247.193.16,
132.247.193.28,
132.247.194.14,
132.247.194.15,
132.247.194.30,
132.247.194.31,
132.247.194.62,
132.247.194.63,
132.247.194.78,
132.247.194.79,
132.247.194.81,
132.247.194.82,
132.247.194.83,
132.247.194.85,
132.247.194.94,
132.247.194.99,
132.247.194.126,
132.247.194.179,
132.247.194.181,
132.247.194.182,
132.247.194.183,
132.247.194.188,
132.247.194.190,
132.247.194.191,
132.247.195.3,
132.247.195.10,
132.247.195.11,
132.247.195.13,
132.247.195.17,
132.247.195.18,
132.247.195.20,
132.247.195.21,
132.247.195.25,
132.247.195.26,
132.247.195.27,
132.247.195.30,
132.247.195.31,
132.247.195.32,
132.247.195.35,
132.247.195.36,
132.247.195.37,
132.247.195.38,
132.247.195.40,
132.247.195.41,
132.247.195.43,
132.247.195.44,
132.247.195.45,
132.247.195.46,
132.247.195.47,
132.247.195.254,
132.247.196.143,
132.247.196.152,
132.247.196.153,
132.247.196.155,
132.247.196.156,
132.247.196.226,
132.247.196.241,
132.247.196.248,
132.247.196.254,
132.247.197.38,
132.247.197.39,
132.247.197.40,
132.247.197.92,
132.247.197.98,
132.247.197.254,
132.247.198.62,
132.247.198.84,
132.247.198.94,
132.247.198.121,
132.247.198.122,
132.247.198.131,
132.247.198.146,
132.247.198.150,
132.247.200.1,
132.247.200.2,
132.247.200.3,
132.247.200.4,
132.247.200.5,
132.247.200.6,
132.247.200.7,
132.247.200.8,
132.247.200.14,
132.247.200.15,
132.247.200.16,
132.247.200.17,
132.247.200.18,
132.247.200.19,
132.247.200.20,
132.247.200.21,
132.247.200.30,
132.247.200.62,
132.247.200.65,
132.247.200.66,
132.247.200.67,
132.247.200.68,
132.247.200.69,
132.247.200.78,
132.247.200.83,
132.247.200.84,
132.247.200.89,
132.247.200.91,
132.247.200.94,
132.247.200.99,
132.247.200.100,
132.247.200.103,
132.247.200.105,
132.247.200.107,
132.247.200.109,
132.247.200.113,
132.247.200.126,
132.247.200.129,
132.247.200.130,
132.247.200.131,
132.247.200.132,
132.247.200.133,
132.247.200.134,
132.247.200.135,
132.247.200.142,
132.247.200.161,
132.247.200.162,
132.247.200.163,
132.247.200.164,
132.247.200.165,
132.247.200.166,
132.247.200.167,
132.247.200.174,
132.247.200.177,
132.247.200.179,
132.247.200.181,
132.247.200.182,
132.247.200.183,
132.247.200.190,
132.247.200.195,
132.247.200.198,
132.247.200.199,
132.247.200.200,
132.247.200.206,
132.247.200.222,
132.247.200.236,
132.247.200.237,
132.247.200.238,
132.247.200.243,
132.247.200.244,
132.247.200.246,
132.247.200.251,
132.247.200.252,
132.247.200.254,
132.247.201.1,
132.247.201.3,
132.247.201.4,
132.247.201.5,
132.247.201.7,
132.247.201.8,
132.247.201.9,
132.247.201.10,
132.247.201.14,
132.247.201.17,
132.247.201.18,
132.247.201.19,
132.247.201.20,
132.247.201.21,
132.247.201.22,
132.247.201.23,
132.247.201.24,
132.247.201.25,
132.247.201.27,
132.247.201.30,
132.247.201.34,
132.247.201.35,
132.247.201.37,
132.247.201.38,
132.247.201.39,
132.247.201.40,
132.247.201.42,
132.247.201.46,
132.247.201.49,
132.247.201.51,
132.247.201.53,
132.247.201.54,
132.247.201.55,
132.247.201.56,
132.247.201.57,
132.247.201.62,
132.247.201.65,
132.247.201.67,
132.247.201.71,
132.247.201.73,
132.247.201.74,
132.247.201.78,
132.247.201.102,
132.247.201.110,
132.247.201.126,
132.247.201.133,
132.247.201.134,
132.247.201.142,
132.247.201.193,
132.247.201.194,
132.247.201.196,
132.247.201.197,
132.247.201.198,
132.247.201.199,
132.247.201.201,
132.247.201.202,
132.247.201.203,
132.247.201.204,
132.247.201.205,
132.247.201.206,
132.247.202.17,
132.247.202.19,
132.247.202.20,
132.247.202.22,
132.247.202.27,
132.247.202.28,
132.247.202.30,
132.247.202.33,
132.247.202.34,
132.247.202.35,
132.247.202.37,
132.247.202.38,
132.247.202.41,
132.247.202.62,
132.247.202.174,
132.247.202.180,
132.247.202.181,
132.247.202.182,
132.247.202.190,
132.247.202.198,
132.247.202.206,
132.247.202.222,
132.247.202.230,
132.247.202.236,
132.247.202.237,
132.247.202.238,
132.247.202.254,
132.247.203.28,
132.247.203.29,
132.247.203.31,
132.247.203.62,
132.247.203.74,
132.247.203.75,
132.247.203.78,
132.247.203.79,
132.247.203.83,
132.247.203.84,
132.247.203.85,
132.247.203.86,
132.247.203.94,
132.247.203.97,
132.247.203.98,
132.247.203.99,
132.247.203.100,
132.247.203.101,
132.247.203.102,
132.247.203.103,
132.247.203.104,
132.247.203.105,
132.247.203.106,
132.247.203.107,
132.247.203.108,
132.247.203.109,
132.247.203.110,
132.247.203.111,
132.247.203.112,
132.247.203.113,
132.247.203.115,
132.247.203.126,
132.247.203.133,
132.247.203.135,
132.247.203.136,
132.247.203.137,
132.247.203.158,
132.247.203.214,
132.247.203.222,
132.247.203.223,
132.247.203.225,
132.247.203.226,
132.247.203.227,
132.247.203.228,
132.247.203.229,
132.247.203.230,
132.247.203.233,
132.247.203.234,
132.247.203.240,
132.247.203.241,
132.247.203.251,
132.247.203.252,
132.247.204.14,
132.247.204.30,
132.247.204.113,
132.247.204.126,
132.247.204.129,
132.247.204.130,
132.247.204.131,
132.247.204.132,
132.247.204.133,
132.247.204.134,
132.247.204.135,
132.247.204.137,
132.247.204.138,
132.247.204.139,
132.247.204.140,
132.247.204.141,
132.247.204.142,
132.247.204.143,
132.247.204.144,
132.247.204.145,
132.247.204.146,
132.247.204.147,
132.247.204.148,
132.247.204.149,
132.247.204.150,
132.247.204.151,
132.247.204.152,
132.247.204.153,
132.247.204.154,
132.247.204.155,
132.247.204.156,
132.247.204.157,
132.247.204.158,
132.247.204.159,
132.247.204.160,
132.247.204.161,
132.247.204.162,
132.247.204.163,
132.247.204.164,
132.247.204.165,
132.247.204.166,
132.247.204.167,
132.247.204.168,
132.247.204.169,
132.247.204.170,
132.247.204.171,
132.247.204.172,
132.247.204.173,
132.247.204.174,
132.247.204.175,
132.247.204.176,
132.247.204.177,
132.247.204.178,
132.247.204.179,
132.247.204.180,
132.247.204.181,
132.247.204.184,
132.247.204.185,
132.247.204.186,
132.247.204.187,
132.247.204.190,
132.247.204.222,
132.247.204.225,
132.247.204.226,
132.247.204.227,
132.247.204.228,
132.247.204.229,
132.247.204.230,
132.247.204.246,
132.247.204.252,
132.247.204.253,
132.247.204.254,
132.247.205.158,
132.247.205.161,
132.247.205.162,
132.247.205.163,
132.247.205.164,
132.247.205.165,
132.247.205.166,
132.247.205.167,
132.247.205.168,
132.247.205.169,
132.247.205.170,
132.247.205.171,
132.247.205.172,
132.247.205.173,
132.247.205.174,
132.247.205.175,
132.247.205.176,
132.247.205.177,
132.247.205.178,
132.247.205.179,
132.247.205.180,
132.247.205.181,
132.247.205.190,
132.247.205.222,
132.247.205.225,
132.247.205.226,
132.247.205.227,
132.247.205.228,
132.247.205.254,
132.247.208.70,
132.247.208.94,
132.247.208.105,
132.247.208.110,
132.247.209.1,
132.247.209.2,
132.247.209.3,
132.247.209.4,
132.247.209.5,
132.247.209.6,
132.247.209.7,
132.247.209.8,
132.247.209.9,
132.247.209.10,
132.247.209.11,
132.247.209.12,
132.247.209.13,
132.247.209.14,
132.247.209.16,
132.247.209.17,
132.247.209.18,
132.247.209.20,
132.247.209.21,
132.247.209.22,
132.247.209.24,
132.247.209.25,
132.247.209.26,
132.247.209.27,
132.247.209.28,
132.247.209.29,
132.247.209.30,
132.247.209.31,
132.247.209.32,
132.247.209.33,
132.247.209.34,
132.247.209.35,
132.247.209.36,
132.247.209.37,
132.247.209.38,
132.247.209.39,
132.247.209.40,
132.247.209.41,
132.247.209.42,
132.247.209.43,
132.247.209.44,
132.247.209.45,
132.247.209.46,
132.247.209.47,
132.247.209.48,
132.247.209.49,
132.247.209.50,
132.247.209.54,
132.247.209.55,
132.247.209.56,
132.247.209.60,
132.247.209.61,
132.247.209.63,
132.247.209.64,
132.247.209.65,
132.247.209.66,
132.247.209.67,
132.247.209.126,
132.247.209.127,
132.247.209.129,
132.247.209.130,
132.247.209.132,
132.247.209.133,
132.247.209.134,
132.247.209.135,
132.247.209.136,
132.247.209.137,
132.247.209.138,
132.247.209.139,
132.247.209.140,
132.247.209.141,
132.247.209.142,
132.247.209.144,
132.247.209.145,
132.247.209.146,
132.247.209.150,
132.247.209.151,
132.247.209.152,
132.247.209.153,
132.247.209.154,
132.247.209.155,
132.247.209.156,
132.247.209.157,
132.247.209.159,
132.247.209.161,
132.247.209.162,
132.247.209.163,
132.247.209.164,
132.247.209.165,
132.247.209.166,
132.247.209.168,
132.247.209.169,
132.247.209.170,
132.247.209.172,
132.247.209.251,
132.247.209.254,
132.247.209.255,
132.247.210.1,
132.247.210.2,
132.247.210.3,
132.247.210.5,
132.247.210.7,
132.247.210.8,
132.247.210.9,
132.247.210.11,
132.247.210.12,
132.247.210.14,
132.247.210.16,
132.247.210.17,
132.247.210.18,
132.247.210.19,
132.247.210.21,
132.247.210.22,
132.247.210.23,
132.247.210.27,
132.247.210.28,
132.247.210.29,
132.247.210.30,
132.247.210.31,
132.247.210.33,
132.247.210.34,
132.247.210.35,
132.247.210.36,
132.247.210.37,
132.247.210.38,
132.247.210.39,
132.247.210.40,
132.247.210.41,
132.247.210.42,
132.247.210.43,
132.247.210.45,
132.247.210.46,
132.247.210.47,
132.247.210.48,
132.247.210.49,
132.247.210.50,
132.247.210.54,
132.247.210.126,
132.247.210.129,
132.247.210.130,
132.247.210.131,
132.247.210.132,
132.247.210.133,
132.247.210.134,
132.247.210.135,
132.247.210.136,
132.247.210.137,
132.247.210.138,
132.247.210.139,
132.247.210.140,
132.247.210.141,
132.247.210.142,
132.247.210.143,
132.247.210.144,
132.247.210.145,
132.247.210.146,
132.247.210.147,
132.247.210.148,
132.247.210.149,
132.247.210.150,
132.247.210.151,
132.247.210.158,
132.247.210.162,
132.247.210.163,
132.247.210.164,
132.247.210.165,
132.247.210.166,
132.247.210.167,
132.247.210.169,
132.247.210.174,
132.247.210.177,
132.247.210.178,
132.247.210.179,
132.247.210.180,
132.247.210.181,
132.247.210.182,
132.247.210.183,
132.247.210.184,
132.247.210.185,
132.247.210.186,
132.247.210.187,
132.247.210.189,
132.247.210.190,
132.247.210.191,
132.247.210.193,
132.247.210.194,
132.247.210.195,
132.247.210.196,
132.247.210.197,
132.247.210.198,
132.247.210.199,
132.247.210.200,
132.247.210.206,
132.247.210.207,
132.247.210.241,
132.247.210.243,
132.247.210.254,
132.247.212.14,
132.247.213.1,
132.247.213.2,
132.247.213.58,
132.247.213.61,
132.247.213.62,
132.247.213.73,
132.247.213.74,
132.247.213.75,
132.247.213.129,
132.247.213.130,
132.247.213.133,
132.247.213.134,
132.247.215.130,
132.247.215.160,
132.247.215.180,
132.247.215.181,
132.247.215.205,
132.247.215.214,
132.247.215.225,
132.247.215.230,
132.247.215.240,
132.247.215.245,
132.247.215.253,
132.247.215.254,
132.247.216.1,
132.247.216.2,
132.247.216.3,
132.247.216.5,
132.247.216.12,
132.247.216.13,
132.247.216.14,
132.247.216.15,
132.247.216.16,
132.247.216.17,
132.247.216.24,
132.247.216.124,
132.247.216.125,
132.247.216.254,
132.247.217.10,
132.247.217.11,
132.247.217.12,
132.247.217.50,
132.247.217.254,
132.247.218.40,
132.247.218.45,
132.247.218.101,
132.247.218.102,
132.247.218.103,
132.247.218.104,
132.247.218.106,
132.247.218.107,
132.247.218.121,
132.247.224.254,
132.247.225.29,
132.247.225.126,
132.247.225.127,
132.247.225.131,
132.247.225.171,
132.247.225.180,
132.247.225.250,
132.247.225.254,
132.247.225.255,
132.247.226.254,
132.247.226.255,
132.247.228.254,
132.247.229.253,
132.247.229.254,
132.247.232.252,
132.247.232.253,
132.247.232.254,
132.247.234.3,
132.247.234.4,
132.247.234.5,
132.247.234.6,
132.247.234.7,
132.247.234.8,
132.247.234.10,
132.247.234.11,
132.247.234.17,
132.247.234.18,
132.247.234.19,
132.247.234.21,
132.247.234.25,
132.247.234.26,
132.247.234.27,
132.247.234.28,
132.247.234.29,
132.247.234.30,
132.247.234.31,
132.247.234.46,
132.247.234.62,
132.247.235.18,
132.247.235.55,
132.247.235.69,
132.247.235.254,
132.247.237.1,
132.247.237.2,
132.247.237.3,
132.247.237.5,
132.247.237.6,
132.247.237.7,
132.247.237.9,
132.247.237.10,
132.247.237.11,
132.247.237.13,
132.247.237.14,
132.247.237.15,
132.247.237.21,
132.247.237.22,
132.247.237.23,
132.247.237.25,
132.247.237.26,
132.247.237.27,
132.247.237.29,
132.247.237.30,
132.247.237.31,
132.247.237.33,
132.247.237.34,
132.247.237.35,
132.247.237.37,
132.247.237.38,
132.247.237.39,
132.247.237.41,
132.247.237.42,
132.247.237.43,
132.247.237.49,
132.247.237.50,
132.247.237.51,
132.247.237.53,
132.247.237.54,
132.247.237.55,
132.247.237.57,
132.247.237.58,
132.247.237.59,
132.247.237.61,
132.247.237.62,
132.247.237.65,
132.247.237.66,
132.247.237.69,
132.247.237.70,
132.247.237.73,
132.247.237.74,
132.247.237.77,
132.247.237.78,
132.247.237.81,
132.247.237.82,
132.247.237.85,
132.247.237.86,
132.247.237.89,
132.247.237.90,
132.247.237.101,
132.247.237.102,
132.247.237.105,
132.247.237.106,
132.247.237.109,
132.247.237.110,
132.247.237.117,
132.247.237.118,
132.247.237.121,
132.247.237.122,
132.247.237.125,
132.247.237.126,
132.247.237.133,
132.247.237.134,
132.247.237.137,
132.247.237.138,
132.247.237.139,
132.247.237.141,
132.247.237.142,
132.247.237.143,
132.247.237.149,
132.247.237.150,
132.247.237.151,
132.247.237.153,
132.247.237.154,
132.247.237.157,
132.247.237.158,
132.247.237.161,
132.247.237.162,
132.247.237.165,
132.247.237.166,
132.247.237.169,
132.247.237.170,
132.247.237.173,
132.247.237.174,
132.247.237.177,
132.247.237.178,
132.247.237.181,
132.247.237.182,
132.247.237.185,
132.247.237.186,
132.247.237.189,
132.247.237.190,
132.247.237.193,
132.247.237.194,
132.247.237.197,
132.247.237.198,
132.247.237.201,
132.247.237.202,
132.247.237.203,
132.247.237.205,
132.247.237.206,
132.247.237.207,
132.247.237.209,
132.247.237.210,
132.247.237.213,
132.247.237.214,
132.247.237.217,
132.247.237.218,
132.247.237.221,
132.247.237.222,
132.247.237.238,
132.247.237.239,
132.247.237.240,
132.247.237.241,
132.247.237.242,
132.247.237.243,
132.247.237.244,
132.247.237.245,
132.247.237.246,
132.247.237.247,
132.247.237.248,
132.247.237.249,
132.247.237.250,
132.247.237.251,
132.247.237.252,
132.247.237.253,
132.247.237.254,
132.247.238.30,
132.247.238.74,
132.247.238.75,
132.247.238.78,
132.247.238.83,
132.247.238.86,
132.247.238.134,
132.247.238.158,
132.247.238.165,
132.247.238.166,
132.247.238.190,
132.247.240.6,
132.247.240.7,
132.247.240.10,
132.247.240.70,
132.247.240.102,
132.247.240.138,
132.247.240.170,
132.247.240.202,
132.247.240.222,
132.247.240.223,
132.247.241.30,
132.247.241.33,
132.247.241.34,
132.247.241.36,
132.247.241.38,
132.247.241.46,
132.247.241.47,
132.247.241.52,
132.247.241.54,
132.247.241.55,
132.247.241.57,
132.247.241.59,
132.247.241.62,
132.247.241.63,
132.247.241.75,
132.247.241.77,
132.247.241.80,
132.247.241.81,
132.247.241.82,
132.247.241.83,
132.247.241.86,
132.247.241.94,
132.247.241.100,
132.247.241.101,
132.247.241.102,
132.247.241.105,
132.247.241.106,
132.247.241.126,
132.247.241.128,
132.247.241.134,
132.247.241.136,
132.247.241.138,
132.247.241.139,
132.247.241.140,
132.247.241.143,
132.247.241.144,
132.247.241.145,
132.247.241.158,
132.247.241.159,
132.247.241.164,
132.247.241.165,
132.247.241.168,
132.247.241.172,
132.247.241.173,
132.247.241.174,
132.247.241.175,
132.247.241.190,
132.247.241.195,
132.247.241.196,
132.247.241.197,
132.247.241.198,
132.247.241.199,
132.247.241.202,
132.247.241.203,
132.247.241.204,
132.247.241.205,
132.247.241.206,
132.247.241.207,
132.247.241.208,
132.247.241.222,
132.247.241.225,
132.247.241.226,
132.247.241.227,
132.247.241.228,
132.247.241.238,
132.247.241.241,
132.247.241.242,
132.247.241.243,
132.247.241.244,
132.247.241.245,
132.247.241.246,
132.247.241.247,
132.247.241.252,
132.247.241.253,
132.247.241.254,
132.247.242.14,
132.247.242.18,
132.247.242.22,
132.247.242.33,
132.247.242.34,
132.247.242.35,
132.247.242.36,
132.247.242.37,
132.247.242.38,
132.247.242.39,
132.247.242.46,
132.247.242.49,
132.247.242.50,
132.247.242.62,
132.247.242.65,
132.247.242.66,
132.247.242.67,
132.247.242.78,
132.247.242.110,
132.247.242.113,
132.247.242.114,
132.247.242.115,
132.247.242.116,
132.247.242.117,
132.247.242.118,
132.247.242.120,
132.247.242.121,
132.247.242.122,
132.247.242.123,
132.247.242.124,
132.247.242.125,
132.247.242.126,
132.247.242.142,
132.247.242.158,
132.247.242.161,
132.247.242.162,
132.247.242.163,
132.247.242.174,
132.247.242.175,
132.247.242.177,
132.247.242.190,
132.247.242.191,
132.247.242.222,
132.247.242.241,
132.247.242.242,
132.247.242.246,
132.247.242.247,
132.247.242.252,
132.247.242.253,
132.247.242.254,
132.247.242.255,
132.247.244.129,
132.247.244.130,
132.247.244.141,
132.247.244.142,
132.247.244.149,
132.247.244.150,
132.247.244.154,
132.247.244.161,
132.247.244.162,
132.247.244.173,
132.247.244.174,
132.247.244.177,
132.247.244.178,
132.247.245.129,
132.247.245.130,
132.247.245.131,
132.247.245.134,
132.247.246.28,
132.247.246.29,
132.247.246.31,
132.247.246.34,
132.247.246.35,
132.247.246.37,
132.247.246.38,
132.247.246.39,
132.247.246.41,
132.247.246.42,
132.247.246.46,
132.247.246.47,
132.247.246.48,
132.247.246.49,
132.247.246.50,
132.247.246.53,
132.247.246.56,
132.247.246.58,
132.247.246.61,
132.247.246.62,
132.247.246.63,
132.247.246.77,
132.247.246.78,
132.247.246.79,
132.247.246.94,
132.247.246.95,
132.247.246.107,
132.247.246.109,
132.247.246.110,
132.247.246.113,
132.247.246.114,
132.247.246.115,
132.247.246.116,
132.247.246.126,
132.247.246.151,
132.247.246.153,
132.247.246.157,
132.247.246.158,
132.247.246.159,
132.247.246.161,
132.247.246.162,
132.247.246.166,
132.247.246.174,
132.247.246.175,
132.247.246.190,
132.247.246.198,
132.247.246.206,
132.247.246.207,
132.247.246.222,
132.247.246.223,
132.247.246.226,
132.247.246.230,
132.247.246.231,
132.247.246.238,
132.247.246.241,
132.247.246.242,
132.247.246.243,
132.247.247.14,
132.247.247.17,
132.247.247.30,
132.247.247.33,
132.247.247.44,
132.247.247.45,
132.247.247.62,
132.247.247.78,
132.247.247.89,
132.247.247.94,
132.247.247.95,
132.247.247.110,
132.247.247.111,
132.247.247.126,
132.247.247.142,
132.247.247.146,
132.247.247.158,
132.247.247.174,
132.247.247.177,
132.247.247.178,
132.247.247.179,
132.247.247.180,
132.247.247.181,
132.247.247.182,
132.247.247.183,
132.247.247.184,
132.247.247.185,
132.247.247.186,
132.247.247.188,
132.247.247.190,
132.247.247.206,
132.247.247.214,
132.247.247.222,
132.247.247.225,
132.247.247.226,
132.247.247.227,
132.247.247.228,
132.247.247.229,
132.247.247.230,
132.247.247.231,
132.247.247.238,
132.247.247.246,
132.247.247.254,
132.247.248.14,
132.247.248.33,
132.247.248.39,
132.247.248.40,
132.247.248.41,
132.247.248.43,
132.247.248.44,
132.247.248.46,
132.247.248.47,
132.247.248.50,
132.247.248.51,
132.247.248.52,
132.247.248.53,
132.247.248.55,
132.247.248.62,
132.247.248.78,
132.247.248.79,
132.247.248.94,
132.247.248.110,
132.247.248.145,
132.247.248.146,
132.247.248.147,
132.247.248.158,
132.247.248.161,
132.247.248.162,
132.247.248.163,
132.247.248.164,
132.247.248.165,
132.247.248.167,
132.247.248.168,
132.247.248.169,
132.247.248.170,
132.247.248.174,
132.247.248.193,
132.247.248.194,
132.247.248.195,
132.247.248.206,
132.247.248.209,
132.247.248.211,
132.247.248.222,
132.247.248.238,
132.247.248.239,
132.247.248.241,
132.247.248.254,
132.247.248.255,
132.247.249.1,
132.247.249.2,
132.247.249.3,
132.247.249.4,
132.247.249.14,
132.247.249.15,
132.247.249.30,
132.247.249.31,
132.247.249.46,
132.247.249.51,
132.247.249.62,
132.247.249.78,
132.247.249.79,
132.247.249.81,
132.247.249.82,
132.247.249.86,
132.247.249.98,
132.247.249.100,
132.247.249.101,
132.247.249.102,
132.247.249.103,
132.247.249.104,
132.247.249.105,
132.247.249.106,
132.247.249.107,
132.247.249.110,
132.247.249.126,
132.247.249.142,
132.247.249.145,
132.247.249.146,
132.247.249.147,
132.247.249.158,
132.247.249.179,
132.247.249.180,
132.247.249.182,
132.247.249.185,
132.247.249.188,
132.247.249.190,
132.247.249.191,
132.247.249.206,
132.247.249.207,
132.247.249.225,
132.247.249.226,
132.247.249.227,
132.247.249.228,
132.247.249.230,
132.247.249.238,
132.247.249.241,
132.247.249.242,
132.247.249.243,
132.247.249.246,
132.247.249.247,
132.247.249.249,
132.247.249.253,
132.247.249.254,
132.247.249.255,
132.247.250.9,
132.247.250.14,
132.247.250.18,
132.247.250.30,
132.247.250.33,
132.247.250.34,
132.247.250.38,
132.247.250.41,
132.247.250.42,
132.247.250.43,
132.247.250.44,
132.247.250.46,
132.247.250.50,
132.247.250.52,
132.247.250.53,
132.247.250.56,
132.247.250.62,
132.247.250.78,
132.247.250.98,
132.247.250.101,
132.247.250.126,
132.247.250.129,
132.247.250.130,
132.247.250.131,
132.247.250.133,
132.247.250.136,
132.247.250.138,
132.247.250.139,
132.247.250.140,
132.247.250.142,
132.247.250.145,
132.247.250.148,
132.247.250.150,
132.247.250.151,
132.247.250.152,
132.247.250.158,
132.247.250.174,
132.247.250.177,
132.247.250.178,
132.247.250.180,
132.247.250.182,
132.247.250.184,
132.247.250.185,
132.247.250.186,
132.247.250.190,
132.247.250.206,
132.247.250.222,
132.247.250.244,
132.247.250.245,
132.247.250.246,
132.247.250.252,
132.247.250.253,
132.247.250.254,
132.247.251.58,
132.247.251.62,
132.247.252.9,
132.247.252.10,
132.247.252.17,
132.247.252.18,
132.247.252.19,
132.247.252.21,
132.247.252.22,
132.247.252.25,
132.247.252.26,
132.247.252.29,
132.247.252.30,
132.247.252.33,
132.247.252.34,
132.247.252.37,
132.247.252.38,
132.247.252.41,
132.247.252.42,
132.247.252.45,
132.247.252.46,
132.247.252.49,
132.247.252.50,
132.247.252.53,
132.247.252.54,
132.247.252.58,
132.247.252.62,
132.247.252.63,
132.247.252.65,
132.247.252.66,
132.247.252.78,
132.247.252.85,
132.247.252.86,
132.247.252.87,
132.247.252.93,
132.247.252.94,
132.247.252.97,
132.247.252.98,
132.247.252.121,
132.247.252.122,
132.247.252.130,
132.247.252.137,
132.247.252.138,
132.247.252.142,
132.247.252.143,
132.247.252.145,
132.247.252.146,
132.247.252.157,
132.247.252.158,
132.247.252.161,
132.247.252.162,
132.247.252.170,
132.247.252.174,
132.247.252.181,
132.247.252.182,
132.247.252.229,
132.247.252.230,
132.247.252.231,
132.247.252.241,
132.247.252.242,
132.247.253.1,
132.247.253.20,
132.247.253.24,
132.247.253.26,
132.247.253.27,
132.247.253.28,
132.247.253.29,
132.247.253.41,
132.247.253.42,
132.247.253.52,
132.247.253.80,
132.247.253.88,
132.247.253.89,
132.247.253.92,
132.247.253.101,
132.247.253.250,
132.247.253.254,
132.247.254.9,
132.247.254.12,
132.247.254.25,
132.247.254.28,
132.247.254.34,
132.247.254.74,
132.247.254.82,
132.247.254.83,
132.247.254.87,
132.247.254.89,
132.247.254.110,
132.247.254.111,
132.247.254.112,
132.247.254.113,
132.247.254.114,
132.247.254.115,
132.247.254.116,
132.247.254.117,
132.247.254.118,
132.247.254.119,
132.247.254.120,
132.247.254.121,
132.247.254.122,
132.247.254.123,
132.247.254.124,
132.247.254.125,
132.247.254.126,
132.247.254.127,
132.247.254.129,
132.247.254.132,
132.247.254.135,
132.247.254.161,
132.247.254.167,
132.247.254.169,
132.247.254.172,
132.247.254.173,
132.247.254.175,
132.247.254.177,
132.247.254.180,
132.247.254.183,
132.247.254.185,
132.247.254.188,
132.247.254.191,
132.247.254.194,
132.247.254.226,
132.247.254.241,
132.247.254.244,
132.247.254.245,
132.247.254.249,
132.247.254.252,
132.247.255.9,
132.247.255.17,
132.247.255.18,
132.247.255.19,
132.247.255.20,
132.247.255.49,
132.247.255.181,
132.247.255.249,
132.247.255.250