HostHoneypot,
132.247.0.1,
132.247.0.2,
132.247.0.3,
132.247.0.4,
132.247.0.5,
132.247.0.6,
132.247.0.7,
132.247.0.8,
132.247.0.9,
132.247.0.10,
132.247.0.11,
132.247.0.12,
132.247.0.13,
132.247.0.14,
132.247.0.15,
132.247.0.16,
132.247.0.17,
132.247.0.18,
132.247.0.19,
132.247.0.20,
132.247.0.21,
132.247.0.22,
132.247.0.23,
132.247.0.24,
132.247.0.25,
132.247.0.26,
132.247.0.27,
132.247.0.28,
132.247.0.29,
132.247.0.30,
132.247.0.31,
132.247.0.32,
132.247.0.33,
132.247.0.34,
132.247.0.35,
132.247.0.36,
132.247.0.37,
132.247.0.38,
132.247.0.39,
132.247.0.40,
132.247.0.41,
132.247.0.42,
132.247.0.43,
132.247.0.44,
132.247.0.45,
132.247.0.46,
132.247.0.47,
132.247.0.48,
132.247.0.49,
132.247.0.50,
132.247.0.51,
132.247.0.52,
132.247.0.53,
132.247.0.54,
132.247.0.55,
132.247.0.56,
132.247.0.57,
132.247.0.58,
132.247.0.59,
132.247.0.60,
132.247.0.61,
132.247.0.62,
132.247.0.63,
132.247.0.64,
132.247.0.65,
132.247.0.66,
132.247.0.67,
132.247.0.68,
132.247.0.69,
132.247.0.70,
132.247.0.71,
132.247.0.72,
132.247.0.73,
132.247.0.74,
132.247.0.75,
132.247.0.76,
132.247.0.77,
132.247.0.78,
132.247.0.79,
132.247.0.80,
132.247.0.81,
132.247.0.82,
132.247.0.83,
132.247.0.84,
132.247.0.85,
132.247.0.86,
132.247.0.87,
132.247.0.88,
132.247.0.89,
132.247.0.90,
132.247.0.91,
132.247.0.92,
132.247.0.93,
132.247.0.94,
132.247.0.95,
132.247.0.96,
132.247.0.97,
132.247.0.98,
132.247.0.99,
132.247.0.100,
132.247.0.101,
132.247.0.102,
132.247.0.103,
132.247.0.104,
132.247.0.105,
132.247.0.106,
132.247.0.107,
132.247.0.108,
132.247.0.109,
132.247.0.110,
132.247.0.111,
132.247.0.112,
132.247.0.113,
132.247.0.114,
132.247.0.115,
132.247.0.116,
132.247.0.117,
132.247.0.118,
132.247.0.119,
132.247.0.120,
132.247.0.121,
132.247.0.122,
132.247.0.123,
132.247.0.124,
132.247.0.125,
132.247.0.126,
132.247.0.127,
132.247.0.128,
132.247.0.129,
132.247.0.130,
132.247.0.131,
132.247.0.132,
132.247.0.133,
132.247.0.134,
132.247.0.135,
132.247.0.136,
132.247.0.137,
132.247.0.138,
132.247.0.139,
132.247.0.140,
132.247.0.141,
132.247.0.142,
132.247.0.143,
132.247.0.144,
132.247.0.145,
132.247.0.146,
132.247.0.147,
132.247.0.148,
132.247.0.149,
132.247.0.150,
132.247.0.151,
132.247.0.152,
132.247.0.153,
132.247.0.154,
132.247.0.155,
132.247.0.156,
132.247.0.157,
132.247.0.158,
132.247.0.159,
132.247.0.160,
132.247.0.161,
132.247.0.162,
132.247.0.163,
132.247.0.164,
132.247.0.165,
132.247.0.166,
132.247.0.167,
132.247.0.168,
132.247.0.169,
132.247.0.170,
132.247.0.171,
132.247.0.172,
132.247.0.173,
132.247.0.174,
132.247.0.175,
132.247.0.176,
132.247.0.177,
132.247.0.178,
132.247.0.179,
132.247.0.180,
132.247.0.181,
132.247.0.182,
132.247.0.183,
132.247.0.184,
132.247.0.185,
132.247.0.186,
132.247.0.187,
132.247.0.188,
132.247.0.189,
132.247.0.190,
132.247.0.191,
132.247.0.192,
132.247.0.193,
132.247.0.194,
132.247.0.195,
132.247.0.196,
132.247.0.197,
132.247.0.198,
132.247.0.199,
132.247.0.200,
132.247.0.201,
132.247.0.202,
132.247.0.203,
132.247.0.204,
132.247.0.205,
132.247.0.206,
132.247.0.207,
132.247.0.208,
132.247.0.209,
132.247.0.210,
132.247.0.211,
132.247.0.212,
132.247.0.213,
132.247.0.214,
132.247.0.215,
132.247.0.216,
132.247.0.217,
132.247.0.218,
132.247.0.219,
132.247.0.220,
132.247.0.221,
132.247.0.222,
132.247.0.223,
132.247.0.224,
132.247.0.225,
132.247.0.226,
132.247.0.227,
132.247.0.228,
132.247.0.229,
132.247.0.230,
132.247.0.231,
132.247.0.232,
132.247.0.233,
132.247.0.234,
132.247.0.235,
132.247.0.236,
132.247.0.237,
132.247.0.238,
132.247.0.239,
132.247.0.240,
132.247.0.241,
132.247.0.242,
132.247.0.243,
132.247.0.244,
132.247.0.245,
132.247.0.246,
132.247.0.247,
132.247.0.248,
132.247.0.249,
132.247.0.250,
132.247.0.251,
132.247.0.252,
132.247.0.253,
132.247.0.254,
132.247.0.255,
132.247.10.1,
132.247.10.2,
132.247.10.3,
132.247.10.4,
132.247.10.5,
132.247.10.6,
132.247.10.7,
132.247.10.8,
132.247.10.9,
132.247.10.10,
132.247.10.11,
132.247.10.12,
132.247.10.13,
132.247.10.14,
132.247.10.15,
132.247.10.16,
132.247.10.17,
132.247.10.18,
132.247.10.19,
132.247.10.20,
132.247.10.21,
132.247.10.22,
132.247.10.23,
132.247.10.24,
132.247.10.25,
132.247.10.26,
132.247.10.27,
132.247.10.28,
132.247.10.29,
132.247.10.30,
132.247.10.31,
132.247.10.32,
132.247.10.33,
132.247.10.34,
132.247.10.35,
132.247.10.36,
132.247.10.37,
132.247.10.38,
132.247.10.39,
132.247.10.40,
132.247.10.41,
132.247.10.42,
132.247.10.43,
132.247.10.44,
132.247.10.45,
132.247.10.46,
132.247.10.47,
132.247.10.48,
132.247.10.49,
132.247.10.50,
132.247.10.51,
132.247.10.52,
132.247.10.53,
132.247.10.54,
132.247.10.55,
132.247.10.56,
132.247.10.57,
132.247.10.58,
132.247.10.59,
132.247.10.60,
132.247.10.61,
132.247.10.62,
132.247.10.63,
132.247.10.64,
132.247.10.65,
132.247.10.66,
132.247.10.67,
132.247.10.68,
132.247.10.69,
132.247.10.70,
132.247.10.71,
132.247.10.72,
132.247.10.73,
132.247.10.74,
132.247.10.75,
132.247.10.76,
132.247.10.77,
132.247.10.78,
132.247.10.79,
132.247.10.80,
132.247.10.81,
132.247.10.82,
132.247.10.83,
132.247.10.84,
132.247.10.85,
132.247.10.86,
132.247.10.87,
132.247.10.88,
132.247.10.89,
132.247.10.90,
132.247.10.91,
132.247.10.92,
132.247.10.93,
132.247.10.94,
132.247.10.95,
132.247.10.96,
132.247.10.97,
132.247.10.98,
132.247.10.99,
132.247.10.100,
132.247.10.101,
132.247.10.102,
132.247.10.103,
132.247.10.104,
132.247.10.105,
132.247.10.106,
132.247.10.107,
132.247.10.108,
132.247.10.109,
132.247.10.110,
132.247.10.111,
132.247.10.112,
132.247.10.113,
132.247.10.114,
132.247.10.115,
132.247.10.116,
132.247.10.117,
132.247.10.118,
132.247.10.119,
132.247.10.120,
132.247.10.121,
132.247.10.122,
132.247.10.123,
132.247.10.124,
132.247.10.125,
132.247.10.126,
132.247.10.127,
132.247.10.128,
132.247.10.129,
132.247.10.130,
132.247.10.131,
132.247.10.132,
132.247.10.133,
132.247.10.134,
132.247.10.135,
132.247.10.136,
132.247.10.137,
132.247.10.138,
132.247.10.139,
132.247.10.140,
132.247.10.141,
132.247.10.142,
132.247.10.143,
132.247.10.144,
132.247.10.145,
132.247.10.146,
132.247.10.147,
132.247.10.148,
132.247.10.149,
132.247.10.150,
132.247.10.151,
132.247.10.152,
132.247.10.153,
132.247.10.154,
132.247.10.155,
132.247.10.156,
132.247.10.157,
132.247.10.158,
132.247.10.159,
132.247.10.160,
132.247.10.161,
132.247.10.162,
132.247.10.163,
132.247.10.164,
132.247.10.165,
132.247.10.166,
132.247.10.167,
132.247.10.168,
132.247.10.169,
132.247.10.170,
132.247.10.171,
132.247.10.172,
132.247.10.173,
132.247.10.174,
132.247.10.175,
132.247.10.176,
132.247.10.177,
132.247.10.178,
132.247.10.179,
132.247.10.180,
132.247.10.181,
132.247.10.182,
132.247.10.183,
132.247.10.184,
132.247.10.185,
132.247.10.186,
132.247.10.187,
132.247.10.188,
132.247.10.189,
132.247.10.190,
132.247.10.191,
132.247.10.192,
132.247.10.193,
132.247.10.194,
132.247.10.195,
132.247.10.196,
132.247.10.197,
132.247.10.198,
132.247.10.199,
132.247.10.200,
132.247.10.201,
132.247.10.202,
132.247.10.203,
132.247.10.204,
132.247.10.205,
132.247.10.206,
132.247.10.207,
132.247.10.208,
132.247.10.209,
132.247.10.210,
132.247.10.211,
132.247.10.212,
132.247.10.213,
132.247.10.214,
132.247.10.215,
132.247.10.216,
132.247.10.217,
132.247.10.218,
132.247.10.219,
132.247.10.220,
132.247.10.221,
132.247.10.222,
132.247.10.223,
132.247.10.224,
132.247.10.225,
132.247.10.226,
132.247.10.227,
132.247.10.228,
132.247.10.229,
132.247.10.230,
132.247.10.231,
132.247.10.232,
132.247.10.233,
132.247.10.234,
132.247.10.235,
132.247.10.236,
132.247.10.237,
132.247.10.238,
132.247.10.239,
132.247.10.240,
132.247.10.241,
132.247.10.242,
132.247.10.243,
132.247.10.244,
132.247.10.245,
132.247.10.246,
132.247.10.247,
132.247.10.248,
132.247.10.249,
132.247.10.250,
132.247.10.251,
132.247.10.252,
132.247.10.253,
132.247.10.254,
132.247.10.255,
132.247.11.1,
132.247.11.2,
132.247.11.3,
132.247.11.4,
132.247.11.5,
132.247.11.6,
132.247.11.7,
132.247.11.8,
132.247.11.9,
132.247.11.10,
132.247.11.11,
132.247.11.12,
132.247.11.13,
132.247.11.14,
132.247.11.15,
132.247.11.16,
132.247.11.17,
132.247.11.18,
132.247.11.19,
132.247.11.20,
132.247.11.21,
132.247.11.22,
132.247.11.23,
132.247.11.24,
132.247.11.25,
132.247.11.26,
132.247.11.27,
132.247.11.28,
132.247.11.29,
132.247.11.30,
132.247.11.31,
132.247.11.32,
132.247.11.33,
132.247.11.34,
132.247.11.35,
132.247.11.36,
132.247.11.37,
132.247.11.38,
132.247.11.39,
132.247.11.40,
132.247.11.41,
132.247.11.42,
132.247.11.43,
132.247.11.44,
132.247.11.45,
132.247.11.46,
132.247.11.47,
132.247.11.48,
132.247.11.49,
132.247.11.50,
132.247.11.51,
132.247.11.52,
132.247.11.53,
132.247.11.54,
132.247.11.55,
132.247.11.56,
132.247.11.57,
132.247.11.58,
132.247.11.59,
132.247.11.60,
132.247.11.61,
132.247.11.62,
132.247.11.63,
132.247.11.64,
132.247.11.65,
132.247.11.66,
132.247.11.67,
132.247.11.68,
132.247.11.69,
132.247.11.70,
132.247.11.71,
132.247.11.72,
132.247.11.73,
132.247.11.74,
132.247.11.75,
132.247.11.76,
132.247.11.77,
132.247.11.78,
132.247.11.79,
132.247.11.80,
132.247.11.81,
132.247.11.82,
132.247.11.83,
132.247.11.84,
132.247.11.85,
132.247.11.86,
132.247.11.87,
132.247.11.88,
132.247.11.89,
132.247.11.90,
132.247.11.91,
132.247.11.92,
132.247.11.93,
132.247.11.94,
132.247.11.95,
132.247.11.96,
132.247.11.97,
132.247.11.98,
132.247.11.99,
132.247.11.100,
132.247.11.101,
132.247.11.102